1,0,0,0,0,432.25
2,0,0,0,0,609.35
3,0,0,0,0,415.08
4,0,0,0,0,474.53
1,1,0,0,0,432.25
1,2,0,0,0,598.12
1,3,0,0,0,414.77
1,4,0,0,0,401.64
1,5,0,0,0,432.25
1,6,0,0,0,427.77
1,7,0,0,0,412.14
1,8,0,0,0,473.87
2,2,0,0,0,608.66
2,3,0,0,0,484.92
2,4,0,0,0,469
2,6,0,0,0,484.76
2,7,0,0,0,411.23
2,8,0,0,0,462.24
3,3,0,0,0,415.07
3,4,0,0,0,402.94
3,7,0,0,0,415.08
3,8,0,0,0,465.28
4,4,0,0,0,474.53
4,8,0,0,0,609.03
1,1,1,0,0,432.25
1,1,2,0,0,595.64
1,1,3,0,0,414.75
1,1,4,0,0,401.64
1,1,5,0,0,432.25
1,1,6,0,0,427.08
1,1,7,0,0,412.12
1,1,8,0,0,449.24
1,2,2,0,0,599.92
1,2,3,0,0,485.35
1,2,4,0,0,406.2
1,2,5,0,0,420.73
1,2,6,0,0,549.09
1,2,7,0,0,414.64
1,2,8,0,0,448.02
1,3,3,0,0,414.75
1,3,4,0,0,400.62
1,3,5,0,0,411.74
1,3,6,0,0,414.35
1,3,7,0,0,409
1,3,8,0,0,432.43
1,4,4,0,0,401.64
1,4,5,0,0,420.3
1,4,6,0,0,404.44
1,4,7,0,0,403.22
1,4,8,0,0,474.25
1,5,1,0,0,405.77
1,5,2,0,0,596.92
1,5,3,0,0,414.85
1,5,4,0,0,401.7
1,5,5,0,0,432.25
1,5,6,0,0,427.08
1,5,7,0,0,412.33
1,5,8,0,0,458.08
1,6,1,0,0,426.67
1,6,2,0,0,499.57
1,6,3,0,0,414.99
1,6,4,0,0,398.54
1,6,6,0,0,427.1
1,6,7,0,0,428.33
1,6,8,0,0,580.92
1,7,1,0,0,408.01
1,7,2,0,0,482.24
1,7,3,0,0,408.03
1,7,4,0,0,400.84
1,7,7,0,0,415.05
1,7,8,0,0,442.2
1,8,1,0,0,420.33
1,8,2,0,0,503.06
1,8,3,0,0,413.43
1,8,4,0,0,474.53
1,8,8,0,0,489.91
2,2,2,0,0,608.65
2,2,3,0,0,503.77
2,2,4,0,0,394.46
2,2,5,0,0,481.37
2,2,6,0,0,607.2
2,2,7,0,0,414.22
2,2,8,0,0,461.87
2,3,3,0,0,513.87
2,3,4,0,0,396.98
2,3,5,0,0,419.44
2,3,6,0,0,499.29
2,3,7,0,0,412.13
2,3,8,0,0,475.81
2,4,4,0,0,474.55
2,4,5,0,0,412.15
2,4,6,0,0,554.78
2,4,7,0,0,404.43
2,4,8,0,0,473.55
2,6,1,0,0,580.65
2,6,2,0,0,529.05
2,6,3,0,0,474.86
2,6,4,0,0,458.84
2,6,6,0,0,385.89
2,6,7,0,0,413.57
2,6,8,0,0,469.26
2,7,1,0,0,402.93
2,7,2,0,0,442.5
2,7,3,0,0,403.55
2,7,4,0,0,398.63
2,7,7,0,0,413.31
2,7,8,0,0,580.92
2,8,1,0,0,412.64
2,8,2,0,0,478.28
2,8,3,0,0,433.36
2,8,4,0,0,486.94
2,8,8,0,0,523.67
3,3,3,0,0,415.08
3,3,4,0,0,402.86
3,3,5,0,0,412.14
3,3,6,0,0,414.1
3,3,7,0,0,412.2
3,3,8,0,0,442.19
3,4,4,0,0,402.97
3,4,5,0,0,417.99
3,4,6,0,0,464.94
3,4,7,0,0,401.4
3,4,8,0,0,467.28
3,7,1,0,0,414.84
3,7,2,0,0,434.73
3,7,3,0,0,415.08
3,7,4,0,0,402.67
3,7,7,0,0,415.08
3,7,8,0,0,442.19
3,8,1,0,0,403.63
3,8,2,0,0,371.13
3,8,3,0,0,402.94
3,8,4,0,0,469.03
3,8,8,0,0,467.37
4,4,4,0,0,474.53
4,4,5,0,0,449.24
4,4,6,0,0,460.91
4,4,7,0,0,473.87
4,4,8,0,0,609.03
4,8,1,0,0,432.25
4,8,2,0,0,609.05
4,8,3,0,0,415.1
4,8,4,0,0,473.87
4,8,8,0,0,5.8093e+05
1,1,1,1,0,432.25
1,1,1,2,0,454.91
1,1,1,3,0,414.75
1,1,1,4,0,401.64
1,1,1,5,0,432.25
1,1,1,6,0,436.05
1,1,1,7,0,412.12
1,1,1,8,0,458.08
1,1,2,2,0,542.96
1,1,2,3,0,522.07
1,1,2,4,0,406.51
1,1,2,5,0,428.26
1,1,2,6,0,525.65
1,1,2,7,0,422.8
1,1,2,8,0,476.87
1,1,3,3,0,414.74
1,1,3,4,0,400.65
1,1,3,5,0,409.16
1,1,3,6,0,402.48
1,1,3,7,0,407.93
1,1,3,8,0,432.42
1,1,4,4,0,401.64
1,1,4,5,0,420.31
1,1,4,6,0,461.12
1,1,4,7,0,403.24
1,1,4,8,0,449.24
1,1,5,1,0,408.6
1,1,5,2,0,496.21
1,1,5,3,0,415.01
1,1,5,4,0,405.7
1,1,5,5,0,432.25
1,1,5,6,0,427.1
1,1,5,7,0,412.12
1,1,5,8,0,449.24
1,1,6,1,0,422.6
1,1,6,2,0,557.7
1,1,6,3,0,410.86
1,1,6,4,0,403.59
1,1,6,6,0,427.08
1,1,6,7,0,428.01
1,1,6,8,0,580.92
1,1,7,1,0,405.85
1,1,7,2,0,455.24
1,1,7,3,0,408.27
1,1,7,4,0,400.85
1,1,7,7,0,412.13
1,1,7,8,0,442.29
1,1,8,1,0,431.27
1,1,8,2,0,487.56
1,1,8,3,0,413.22
1,1,8,4,0,432.4
1,1,8,8,0,472.69
1,2,2,2,0,587.54
1,2,2,3,0,484.61
1,2,2,4,0,474.88
1,2,2,5,0,426.56
1,2,2,6,0,561.21
1,2,2,7,0,423.57
1,2,2,8,0,470.61
1,2,3,3,0,414.77
1,2,3,4,0,387.31
1,2,3,5,0,400.32
1,2,3,6,0,520.55
1,2,3,7,0,417.36
1,2,3,8,0,482.65
1,2,4,4,0,397.94
1,2,4,5,0,409.7
1,2,4,6,0,321.62
1,2,4,7,0,403.61
1,2,4,8,0,449.08
1,2,5,1,0,422.43
1,2,5,2,0,437.88
1,2,5,3,0,404.93
1,2,5,4,0,400.42
1,2,5,5,0,427.15
1,2,5,6,0,415.54
1,2,5,7,0,417.6
1,2,5,8,0,580.92
1,2,6,1,0,488.77
1,2,6,2,0,512.65
1,2,6,3,0,476.92
1,2,6,4,0,396.39
1,2,6,6,0,526.65
1,2,6,7,0,421.21
1,2,6,8,0,751.67
1,2,7,1,0,413.15
1,2,7,2,0,425.27
1,2,7,3,0,418.06
1,2,7,4,0,401.07
1,2,7,7,0,416.63
1,2,7,8,0,580.92
1,2,8,1,0,411
1,2,8,2,0,520.72
1,2,8,3,0,402.27
1,2,8,4,0,471.61
1,2,8,8,0,538.9
1,3,3,3,0,414.75
1,3,3,4,0,400.54
1,3,3,5,0,406.64
1,3,3,6,0,423.95
1,3,3,7,0,414.05
1,3,3,8,0,432.53
1,3,4,4,0,400.62
1,3,4,5,0,400.77
1,3,4,6,0,458.79
1,3,4,7,0,399.91
1,3,4,8,0,432.42
1,3,5,1,0,404.68
1,3,5,2,0,444.41
1,3,5,3,0,414.61
1,3,5,4,0,400.68
1,3,5,5,0,407.23
1,3,5,6,0,430.47
1,3,5,7,0,413.28
1,3,5,8,0,442.2
1,3,6,1,0,412.1
1,3,6,2,0,410.74
1,3,6,3,0,421.37
1,3,6,4,0,398.58
1,3,6,6,0,402.85
1,3,6,7,0,418
1,3,6,8,0,580.92
1,3,7,1,0,404.62
1,3,7,2,0,449.28
1,3,7,3,0,408.28
1,3,7,4,0,400.97
1,3,7,7,0,408.15
1,3,7,8,0,442.2
1,3,8,1,0,401.76
1,3,8,2,0,491.98
1,3,8,3,0,401.18
1,3,8,4,0,432.41
1,3,8,8,0,464.78
1,4,4,4,0,401.64
1,4,4,5,0,420.33
1,4,4,6,0,425.32
1,4,4,7,0,403.27
1,4,4,8,0,473.87
1,4,5,1,0,410.26
1,4,5,2,0,476.91
1,4,5,3,0,402.54
1,4,5,4,0,402.09
1,4,5,5,0,420.33
1,4,5,6,0,396.71
1,4,5,7,0,403.38
1,4,5,8,0,443.94
1,4,6,1,0,398.37
1,4,6,2,0,483.74
1,4,6,3,0,451.16
1,4,6,4,0,406.53
1,4,6,6,0,454.6
1,4,6,7,0,410.95
1,4,6,8,0,774.25
1,4,7,1,0,399.69
1,4,7,2,0,413.71
1,4,7,3,0,400.32
1,4,7,4,0,400.49
1,4,7,7,0,406.03
1,4,7,8,0,442.27
1,4,8,1,0,420.33
1,4,8,2,0,452.96
1,4,8,3,0,413.37
1,4,8,4,0,473.87
1,4,8,8,0,489.92
1,5,1,1,0,409.78
1,5,1,2,0,460.77
1,5,1,3,0,406.7
1,5,1,4,0,400.42
1,5,1,5,0,422.6
1,5,1,6,0,428.02
1,5,1,7,0,412.15
1,5,1,8,0,449.25
1,5,2,2,0,605.2
1,5,2,3,0,605.29
1,5,2,4,0,408.69
1,5,2,5,0,428.38
1,5,2,6,0,480.11
1,5,2,7,0,416.26
1,5,2,8,0,476
1,5,3,3,0,415.08
1,5,3,4,0,400.43
1,5,3,5,0,412.13
1,5,3,6,0,412.37
1,5,3,7,0,412.49
1,5,3,8,0,432.41
1,5,4,4,0,405.29
1,5,4,5,0,420.33
1,5,4,6,0,453.11
1,5,4,7,0,403.21
1,5,4,8,0,452.84
1,5,5,1,0,422.59
1,5,5,2,0,471.6
1,5,5,3,0,415.02
1,5,5,4,0,401.65
1,5,5,5,0,432.25
1,5,5,6,0,427.08
1,5,5,7,0,412.2
1,5,5,8,0,449.24
1,5,6,1,0,402.4
1,5,6,2,0,479.03
1,5,6,3,0,427.42
1,5,6,4,0,398.46
1,5,6,6,0,481.39
1,5,6,7,0,428.61
1,5,6,8,0,580.92
1,5,7,1,0,408.47
1,5,7,2,0,468.6
1,5,7,3,0,415.02
1,5,7,4,0,400.88
1,5,7,7,0,412.16
1,5,7,8,0,442.2
1,5,8,1,0,420.3
1,5,8,2,0,488.89
1,5,8,3,0,413.23
1,5,8,4,0,471.59
1,5,8,8,0,472.69
1,6,1,1,0,432.24
1,6,1,2,0,581.07
1,6,1,3,0,409.78
1,6,1,4,0,400.42
1,6,1,5,0,425.42
1,6,1,6,0,418.07
1,6,1,7,0,409.88
1,6,1,8,0,580.92
1,6,2,2,0,608.63
1,6,2,3,0,421.74
1,6,2,4,0,398.18
1,6,2,5,0,421.25
1,6,2,6,0,608.52
1,6,2,7,0,393.26
1,6,2,8,0,491.41
1,6,3,3,0,411.07
1,6,3,4,0,398.57
1,6,3,5,0,400.5
1,6,3,6,0,405.63
1,6,3,7,0,409.83
1,6,3,8,0,458.44
1,6,4,4,0,398.55
1,6,4,5,0,412.19
1,6,4,6,0,476
1,6,4,7,0,401.13
1,6,4,8,0,580.93
1,6,6,1,0,410.72
1,6,6,2,0,601.8
1,6,6,3,0,415.02
1,6,6,4,0,398.45
1,6,6,6,0,427.08
1,6,6,7,0,416.72
1,6,6,8,0,427.71
1,6,7,1,0,407.27
1,6,7,2,0,487.57
1,6,7,3,0,425.76
1,6,7,4,0,398.57
1,6,7,7,0,418.54
1,6,7,8,0,580.78
1,6,8,1,0,414.93
1,6,8,2,0,483.37
1,6,8,3,0,405.39
1,6,8,4,0,471.59
1,6,8,8,0,440.97
1,7,1,1,0,406.22
1,7,1,2,0,568.19
1,7,1,3,0,405.09
1,7,1,4,0,400.84
1,7,1,5,0,421.28
1,7,1,6,0,429.06
1,7,1,7,0,407.6
1,7,1,8,0,449.24
1,7,2,2,0,564
1,7,2,3,0,566.98
1,7,2,4,0,388.3
1,7,2,5,0,422.43
1,7,2,6,0,419.53
1,7,2,7,0,416.4
1,7,2,8,0,451.48
1,7,3,3,0,415.03
1,7,3,4,0,400.97
1,7,3,5,0,412.14
1,7,3,6,0,412.05
1,7,3,7,0,405.94
1,7,3,8,0,442.19
1,7,4,4,0,400.84
1,7,4,5,0,417.52
1,7,4,6,0,417.81
1,7,4,7,0,401.48
1,7,4,8,0,442.19
1,7,7,1,0,421.89
1,7,7,2,0,451.63
1,7,7,3,0,415.01
1,7,7,4,0,401.63
1,7,7,7,0,415.01
1,7,7,8,0,442.2
1,7,8,1,0,403.84
1,7,8,2,0,516.73
1,7,8,3,0,402.93
1,7,8,4,0,452.56
1,7,8,8,0,467.02
1,8,1,1,0,427.24
1,8,1,2,0,416.25
1,8,1,3,0,402.88
1,8,1,4,0,403.62
1,8,1,5,0,419.32
1,8,1,6,0,420.36
1,8,1,7,0,403.34
1,8,1,8,0,443.94
1,8,2,2,0,510.67
1,8,2,3,0,394.43
1,8,2,4,0,469.44
1,8,2,5,0,420.03
1,8,2,6,0,454.52
1,8,2,7,0,413.2
1,8,2,8,0,496.85
1,8,3,3,0,413.26
1,8,3,4,0,400.29
1,8,3,5,0,408.13
1,8,3,6,0,417.13
1,8,3,7,0,402.98
1,8,3,8,0,473.95
1,8,4,4,0,474.53
1,8,4,5,0,458.47
1,8,4,6,0,457.12
1,8,4,7,0,441.92
1,8,4,8,0,489.91
1,8,8,1,0,410.36
1,8,8,2,0,637.51
1,8,8,3,0,413.29
1,8,8,4,0,473.87
1,8,8,8,0,2038.2
2,2,2,2,0,576.74
2,2,2,3,0,589.02
2,2,2,4,0,473.86
2,2,2,5,0,427.08
2,2,2,6,0,604.45
2,2,2,7,0,462.39
2,2,2,8,0,457.12
2,2,3,3,0,586.38
2,2,3,4,0,390.99
2,2,3,5,0,421.4
2,2,3,6,0,484.95
2,2,3,7,0,418.92
2,2,3,8,0,445.57
2,2,4,4,0,474.62
2,2,4,5,0,419.94
2,2,4,6,0,447.75
2,2,4,7,0,341.62
2,2,4,8,0,493.83
2,2,5,1,0,402.33
2,2,5,2,0,597.95
2,2,5,3,0,404.09
2,2,5,4,0,398.45
2,2,5,5,0,427.08
2,2,5,6,0,451.27
2,2,5,7,0,412.43
2,2,5,8,0,447.1
2,2,6,1,0,510.18
2,2,6,2,0,587.58
2,2,6,3,0,449.13
2,2,6,4,0,413.11
2,2,6,6,0,18598
2,2,6,7,0,449.6
2,2,6,8,0,748.49
2,2,7,1,0,419.59
2,2,7,2,0,392.21
2,2,7,3,0,409.85
2,2,7,4,0,398.65
2,2,7,7,0,415.1
2,2,7,8,0,434.58
2,2,8,1,0,461.56
2,2,8,2,0,465.44
2,2,8,3,0,417.49
2,2,8,4,0,464.2
2,2,8,8,0,596.53
2,3,3,3,0,425.53
2,3,3,4,0,402.82
2,3,3,5,0,418.79
2,3,3,6,0,469.02
2,3,3,7,0,422.86
2,3,3,8,0,439.46
2,3,4,4,0,387.76
2,3,4,5,0,413.61
2,3,4,6,0,459.51
2,3,4,7,0,403.62
2,3,4,8,0,475.14
2,3,5,1,0,418.3
2,3,5,2,0,523.51
2,3,5,3,0,411.83
2,3,5,4,0,400.75
2,3,5,5,0,421.24
2,3,5,6,0,421.33
2,3,5,7,0,422.91
2,3,5,8,0,549.74
2,3,6,1,0,495.93
2,3,6,2,0,513.25
2,3,6,3,0,506.93
2,3,6,4,0,412.4
2,3,6,6,0,478.73
2,3,6,7,0,407.74
2,3,6,8,0,756.71
2,3,7,1,0,420.82
2,3,7,2,0,426.26
2,3,7,3,0,419.09
2,3,7,4,0,400.5
2,3,7,7,0,420.24
2,3,7,8,0,580.92
2,3,8,1,0,393.49
2,3,8,2,0,483.07
2,3,8,3,0,401.27
2,3,8,4,0,455.31
2,3,8,8,0,466.93
2,4,4,4,0,420.74
2,4,4,5,0,412.87
2,4,4,6,0,485.21
2,4,4,7,0,412.82
2,4,4,8,0,483.19
2,4,5,1,0,415.13
2,4,5,2,0,402.37
2,4,5,3,0,414.04
2,4,5,4,0,396.75
2,4,5,5,0,411.98
2,4,5,6,0,418.62
2,4,5,7,0,414.1
2,4,5,8,0,580.92
2,4,6,1,0,483.95
2,4,6,2,0,449.8
2,4,6,3,0,412.4
2,4,6,4,0,858.72
2,4,6,6,0,421.07
2,4,6,7,0,426.4
2,4,6,8,0,65396
2,4,7,1,0,415.59
2,4,7,2,0,414.99
2,4,7,3,0,414.01
2,4,7,4,0,400.69
2,4,7,7,0,415.93
2,4,7,8,0,465.12
2,4,8,1,0,428.93
2,4,8,2,0,458.41
2,4,8,3,0,418.35
2,4,8,4,0,483.21
2,4,8,8,0,2.8203e+05
2,6,1,1,0,594.81
2,6,1,2,0,482.71
2,6,1,3,0,555.74
2,6,1,4,0,403.92
2,6,1,5,0,422.26
2,6,1,6,0,525.27
2,6,1,7,0,406.38
2,6,1,8,0,444.59
2,6,2,2,0,603.4
2,6,2,3,0,464.87
2,6,2,4,0,475.28
2,6,2,5,0,440.84
2,6,2,6,0,38868
2,6,2,7,0,468.93
2,6,2,8,0,487.78
2,6,3,3,0,481.03
2,6,3,4,0,401.01
2,6,3,5,0,414.59
2,6,3,6,0,504.51
2,6,3,7,0,418.41
2,6,3,8,0,478.12
2,6,4,4,0,464.24
2,6,4,5,0,419.27
2,6,4,6,0,518.79
2,6,4,7,0,341.48
2,6,4,8,0,458.52
2,6,6,1,0,423.23
2,6,6,2,0,606.44
2,6,6,3,0,565.42
2,6,6,4,0,474.08
2,6,6,6,0,604.06
2,6,6,7,0,438.38
2,6,6,8,0,523.01
2,6,7,1,0,395.21
2,6,7,2,0,479.48
2,6,7,3,0,415.02
2,6,7,4,0,384.95
2,6,7,7,0,403.56
2,6,7,8,0,580.92
2,6,8,1,0,438.01
2,6,8,2,0,507.07
2,6,8,3,0,420.28
2,6,8,4,0,455.47
2,6,8,8,0,522.97
2,7,1,1,0,421.06
2,7,1,2,0,406.5
2,7,1,3,0,403.59
2,7,1,4,0,396.11
2,7,1,5,0,426.56
2,7,1,6,0,401.95
2,7,1,7,0,409.75
2,7,1,8,0,445.9
2,7,2,2,0,425.42
2,7,2,3,0,426.35
2,7,2,4,0,397.88
2,7,2,5,0,401.36
2,7,2,6,0,530.56
2,7,2,7,0,397.33
2,7,2,8,0,457.83
2,7,3,3,0,418.5
2,7,3,4,0,398.71
2,7,3,5,0,408.49
2,7,3,6,0,416.99
2,7,3,7,0,416.07
2,7,3,8,0,442.21
2,7,4,4,0,398.58
2,7,4,5,0,417.91
2,7,4,6,0,465
2,7,4,7,0,406.05
2,7,4,8,0,580.92
2,7,7,1,0,419.54
2,7,7,2,0,490.07
2,7,7,3,0,428
2,7,7,4,0,402.59
2,7,7,7,0,428
2,7,7,8,0,580.91
2,7,8,1,0,401.15
2,7,8,2,0,402.54
2,7,8,3,0,404.77
2,7,8,4,0,471.59
2,7,8,8,0,467.35
2,8,1,1,0,440.27
2,8,1,2,0,446.91
2,8,1,3,0,433.11
2,8,1,4,0,411.95
2,8,1,5,0,400.57
2,8,1,6,0,480.66
2,8,1,7,0,409.65
2,8,1,8,0,520.61
2,8,2,2,0,435.36
2,8,2,3,0,422.8
2,8,2,4,0,472.19
2,8,2,5,0,429.71
2,8,2,6,0,631.94
2,8,2,7,0,412.35
2,8,2,8,0,598.47
2,8,3,3,0,418.85
2,8,3,4,0,444.21
2,8,3,5,0,411
2,8,3,6,0,427.26
2,8,3,7,0,405.65
2,8,3,8,0,443.45
2,8,4,4,0,469.57
2,8,4,5,0,449.21
2,8,4,6,0,748.54
2,8,4,7,0,442.57
2,8,4,8,0,522.15
2,8,8,1,0,501.64
2,8,8,2,0,6243.8
2,8,8,3,0,587.79
2,8,8,4,0,507.39
2,8,8,8,0,2.8343e+05
3,3,3,3,0,415.07
3,3,3,4,0,402.94
3,3,3,5,0,412.13
3,3,3,6,0,421.64
3,3,3,7,0,412.72
3,3,3,8,0,442.19
3,3,4,4,0,402.95
3,3,4,5,0,417.99
3,3,4,6,0,406.74
3,3,4,7,0,401.61
3,3,4,8,0,442.19
3,3,5,1,0,406.29
3,3,5,2,0,447.65
3,3,5,3,0,410.8
3,3,5,4,0,400.91
3,3,5,5,0,415.08
3,3,5,6,0,425.73
3,3,5,7,0,412.84
3,3,5,8,0,442.19
3,3,6,1,0,411.86
3,3,6,2,0,431.36
3,3,6,3,0,406.84
3,3,6,4,0,402.97
3,3,6,6,0,415.55
3,3,6,7,0,403.55
3,3,6,8,0,456.45
3,3,7,1,0,408.34
3,3,7,2,0,510.43
3,3,7,3,0,411.16
3,3,7,4,0,402.64
3,3,7,7,0,412.45
3,3,7,8,0,442.19
3,3,8,1,0,404.76
3,3,8,2,0,433.7
3,3,8,3,0,402.14
3,3,8,4,0,432.42
3,3,8,8,0,467.37
3,4,4,4,0,402.94
3,4,4,5,0,417.99
3,4,4,6,0,474.2
3,4,4,7,0,401.65
3,4,4,8,0,467.24
3,4,5,1,0,417.54
3,4,5,2,0,423.71
3,4,5,3,0,417.96
3,4,5,4,0,399.31
3,4,5,5,0,417.99
3,4,5,6,0,401.65
3,4,5,7,0,402.48
3,4,5,8,0,442.2
3,4,6,1,0,456.25
3,4,6,2,0,476.17
3,4,6,3,0,391.55
3,4,6,4,0,437.42
3,4,6,6,0,493.62
3,4,6,7,0,414.27
3,4,6,8,0,580.92
3,4,7,1,0,400.66
3,4,7,2,0,417.19
3,4,7,3,0,401.4
3,4,7,4,0,401.11
3,4,7,7,0,403.77
3,4,7,8,0,442.19
3,4,8,1,0,403.86
3,4,8,2,0,440.64
3,4,8,3,0,403.12
3,4,8,4,0,471.42
3,4,8,8,0,467.3
3,7,1,1,0,414.76
3,7,1,2,0,446.59
3,7,1,3,0,414.76
3,7,1,4,0,400.69
3,7,1,5,0,421.8
3,7,1,6,0,417.59
3,7,1,7,0,410.47
3,7,1,8,0,449.25
3,7,2,2,0,443.45
3,7,2,3,0,433.83
3,7,2,4,0,394.1
3,7,2,5,0,419.24
3,7,2,6,0,485.6
3,7,2,7,0,412.85
3,7,2,8,0,483.87
3,7,3,3,0,415.13
3,7,3,4,0,402.92
3,7,3,5,0,412.13
3,7,3,6,0,411.38
3,7,3,7,0,412.47
3,7,3,8,0,442.2
3,7,4,4,0,402.93
3,7,4,5,0,418
3,7,4,6,0,410.32
3,7,4,7,0,403.03
3,7,4,8,0,442.21
3,7,7,1,0,415.1
3,7,7,2,0,447.08
3,7,7,3,0,415.02
3,7,7,4,0,402.94
3,7,7,7,0,415.08
3,7,7,8,0,580.92
3,7,8,1,0,406.05
3,7,8,2,0,496.97
3,7,8,3,0,402.98
3,7,8,4,0,432.5
3,7,8,8,0,467.37
3,8,1,1,0,403.66
3,8,1,2,0,409.37
3,8,1,3,0,400.16
3,8,1,4,0,402.53
3,8,1,5,0,406.09
3,8,1,6,0,415.14
3,8,1,7,0,403.6
3,8,1,8,0,443.99
3,8,2,2,0,471.54
3,8,2,3,0,408.57
3,8,2,4,0,413.44
3,8,2,5,0,414.52
3,8,2,6,0,328.22
3,8,2,7,0,425.78
3,8,2,8,0,448.13
3,8,3,3,0,401.39
3,8,3,4,0,400.76
3,8,3,5,0,403.33
3,8,3,6,0,401.95
3,8,3,7,0,404.26
3,8,3,8,0,442.2
3,8,4,4,0,471.59
3,8,4,5,0,449.24
3,8,4,6,0,510.56
3,8,4,7,0,442.19
3,8,4,8,0,467.39
3,8,8,1,0,467.37
3,8,8,2,0,526.03
3,8,8,3,0,412.32
3,8,8,4,0,448.08
3,8,8,8,0,493.45
4,4,4,4,0,474.53
4,4,4,5,0,580.92
4,4,4,6,0,469.11
4,4,4,7,0,442.19
4,4,4,8,0,609.03
4,4,5,1,0,420.29
4,4,5,2,0,446.86
4,4,5,3,0,413.96
4,4,5,4,0,432.4
4,4,5,5,0,449.24
4,4,5,6,0,580.92
4,4,5,7,0,442.2
4,4,5,8,0,489.91
4,4,6,1,0,420.39
4,4,6,2,0,477.71
4,4,6,3,0,440.2
4,4,6,4,0,461.19
4,4,6,6,0,538.37
4,4,6,7,0,426.14
4,4,6,8,0,642.22
4,4,7,1,0,403.58
4,4,7,2,0,431.67
4,4,7,3,0,402.88
4,4,7,4,0,474.53
4,4,7,7,0,442.19
4,4,7,8,0,467.37
4,4,8,1,0,432.26
4,4,8,2,0,608.21
4,4,8,3,0,415.08
4,4,8,4,0,473.87
4,4,8,8,0,5.8091e+05
4,8,1,1,0,432.25
4,8,1,2,0,603.59
4,8,1,3,0,415.22
4,8,1,4,0,401.64
4,8,1,5,0,425.36
4,8,1,6,0,528.12
4,8,1,7,0,420.26
4,8,1,8,0,473.87
4,8,2,2,0,614.96
4,8,2,3,0,447.41
4,8,2,4,0,478.7
4,8,2,5,0,489.81
4,8,2,6,0,8194.8
4,8,2,7,0,485.68
4,8,2,8,0,478.73
4,8,3,3,0,415.1
4,8,3,4,0,402.94
4,8,3,5,0,412.2
4,8,3,6,0,497.67
4,8,3,7,0,411.13
4,8,3,8,0,522.98
4,8,4,4,0,473.87
4,8,4,5,0,449.24
4,8,4,6,0,503.1
4,8,4,7,0,442.19
4,8,4,8,0,5.7369e+05
4,8,8,1,0,427.83
4,8,8,2,0,498.07
4,8,8,3,0,411.22
4,8,8,4,0,2.9042e+05
4,8,8,8,0,1.8276e+06
1,1,1,1,1,432.25
1,1,1,1,2,561.77
1,1,1,1,3,414.75
1,1,1,1,4,401.64
1,1,1,1,5,432.25
1,1,1,1,6,425.1
1,1,1,1,7,412.12
1,1,1,1,8,449.24
1,1,1,2,2,470.8
1,1,1,2,3,419.27
1,1,1,2,4,372.81
1,1,1,2,5,422.27
1,1,1,2,6,512.6
1,1,1,2,7,421.66
1,1,1,2,8,471.54
1,1,1,3,3,415.04
1,1,1,3,4,400.55
1,1,1,3,5,407.9
1,1,1,3,6,423.01
1,1,1,3,7,409.33
1,1,1,3,8,432.42
1,1,1,4,4,401.64
1,1,1,4,5,420.32
1,1,1,4,6,435.53
1,1,1,4,7,403.15
1,1,1,4,8,449.24
1,1,1,5,1,409.49
1,1,1,5,2,465.38
1,1,1,5,3,415.08
1,1,1,5,4,401.85
1,1,1,5,5,432.25
1,1,1,5,6,427.24
1,1,1,5,7,412.39
1,1,1,5,8,449.24
1,1,1,6,1,426.86
1,1,1,6,2,430.1
1,1,1,6,3,426.72
1,1,1,6,4,403.54
1,1,1,6,6,427.08
1,1,1,6,7,428.46
1,1,1,6,8,580.92
1,1,1,7,1,406.31
1,1,1,7,2,441.84
1,1,1,7,3,407.64
1,1,1,7,4,400.85
1,1,1,7,7,412.13
1,1,1,7,8,442.55
1,1,1,8,1,429.14
1,1,1,8,2,452.97
1,1,1,8,3,404.35
1,1,1,8,4,432.4
1,1,1,8,8,472.69
1,1,2,2,2,597.18
1,1,2,2,3,504.07
1,1,2,2,4,406.31
1,1,2,2,5,419.99
1,1,2,2,6,531.49
1,1,2,2,7,424.62
1,1,2,2,8,438.24
1,1,2,3,3,395.94
1,1,2,3,4,394.79
1,1,2,3,5,418.6
1,1,2,3,6,470.41
1,1,2,3,7,419.99
1,1,2,3,8,446.68
1,1,2,4,4,395.81
1,1,2,4,5,409.48
1,1,2,4,6,409.67
1,1,2,4,7,409.54
1,1,2,4,8,501.53
1,1,2,5,1,400.96
1,1,2,5,2,504.98
1,1,2,5,3,408.85
1,1,2,5,4,395.46
1,1,2,5,5,428.44
1,1,2,5,6,396.77
1,1,2,5,7,419.44
1,1,2,5,8,580.92
1,1,2,6,1,510.49
1,1,2,6,2,525.78
1,1,2,6,3,497.35
1,1,2,6,4,395.49
1,1,2,6,6,491.68
1,1,2,6,7,409.33
1,1,2,6,8,754.29
1,1,2,7,1,412.02
1,1,2,7,2,423.32
1,1,2,7,3,405.33
1,1,2,7,4,397.55
1,1,2,7,7,418.15
1,1,2,7,8,440.12
1,1,2,8,1,401.62
1,1,2,8,2,454.15
1,1,2,8,3,414.89
1,1,2,8,4,467.49
1,1,2,8,8,507.85
1,1,3,3,3,414.75
1,1,3,3,4,400.53
1,1,3,3,5,408.29
1,1,3,3,6,417.32
1,1,3,3,7,406.69
1,1,3,3,8,432.44
1,1,3,4,4,400.65
1,1,3,4,5,400.93
1,1,3,4,6,436.26
1,1,3,4,7,400.69
1,1,3,4,8,432.41
1,1,3,5,1,408.57
1,1,3,5,2,411.23
1,1,3,5,3,405.92
1,1,3,5,4,400.66
1,1,3,5,5,412.12
1,1,3,5,6,428.73
1,1,3,5,7,407.08
1,1,3,5,8,432.5
1,1,3,6,1,405.81
1,1,3,6,2,522.18
1,1,3,6,3,411.61
1,1,3,6,4,401.02
1,1,3,6,6,381.86
1,1,3,6,7,415.45
1,1,3,6,8,580.92
1,1,3,7,1,406.79
1,1,3,7,2,431.32
1,1,3,7,3,411.32
1,1,3,7,4,400.77
1,1,3,7,7,412.59
1,1,3,7,8,441.1
1,1,3,8,1,400.03
1,1,3,8,2,430.18
1,1,3,8,3,400.47
1,1,3,8,4,432.42
1,1,3,8,8,464.76
1,1,4,4,4,401.64
1,1,4,4,5,420.32
1,1,4,4,6,423.16
1,1,4,4,7,403.26
1,1,4,4,8,449.24
1,1,4,5,1,406.93
1,1,4,5,2,461.04
1,1,4,5,3,408.47
1,1,4,5,4,402.09
1,1,4,5,5,420.11
1,1,4,5,6,398.83
1,1,4,5,7,403.58
1,1,4,5,8,443.94
1,1,4,6,1,454.09
1,1,4,6,2,445.12
1,1,4,6,3,430.2
1,1,4,6,4,417.35
1,1,4,6,6,485.98
1,1,4,6,7,397.1
1,1,4,6,8,784.67
1,1,4,7,1,399.69
1,1,4,7,2,415.03
1,1,4,7,3,400.12
1,1,4,7,4,400.48
1,1,4,7,7,403.52
1,1,4,7,8,444.12
1,1,4,8,1,432.31
1,1,4,8,2,458.4
1,1,4,8,3,413.38
1,1,4,8,4,432.42
1,1,4,8,8,470.25
1,1,5,1,1,409.56
1,1,5,1,2,404.33
1,1,5,1,3,414.85
1,1,5,1,4,400.42
1,1,5,1,5,409.56
1,1,5,1,6,429.4
1,1,5,1,7,405.82
1,1,5,1,8,449.24
1,1,5,2,2,579.43
1,1,5,2,3,596.11
1,1,5,2,4,395.04
1,1,5,2,5,422.29
1,1,5,2,6,523.56
1,1,5,2,7,409.71
1,1,5,2,8,435.78
1,1,5,3,3,415.03
1,1,5,3,4,400.6
1,1,5,3,5,406.77
1,1,5,3,6,404.62
1,1,5,3,7,410.78
1,1,5,3,8,432.42
1,1,5,4,4,402.21
1,1,5,4,5,420.27
1,1,5,4,6,449.26
1,1,5,4,7,403.49
1,1,5,4,8,449.24
1,1,5,5,1,405.68
1,1,5,5,2,497.65
1,1,5,5,3,415
1,1,5,5,4,401.69
1,1,5,5,5,432.25
1,1,5,5,6,427.08
1,1,5,5,7,412.13
1,1,5,5,8,580.92
1,1,5,6,1,427.09
1,1,5,6,2,430.35
1,1,5,6,3,403.67
1,1,5,6,4,398.45
1,1,5,6,6,481.37
1,1,5,6,7,420.4
1,1,5,6,8,580.92
1,1,5,7,1,408.04
1,1,5,7,2,458.56
1,1,5,7,3,407.26
1,1,5,7,4,400.87
1,1,5,7,7,412.9
1,1,5,7,8,443.51
1,1,5,8,1,418.37
1,1,5,8,2,499.66
1,1,5,8,3,413.2
1,1,5,8,4,432.4
1,1,5,8,8,471.93
1,1,6,1,1,433.14
1,1,6,1,2,563.44
1,1,6,1,3,413.35
1,1,6,1,4,403.21
1,1,6,1,5,418.86
1,1,6,1,6,416.3
1,1,6,1,7,417.48
1,1,6,1,8,580.92
1,1,6,2,2,460.71
1,1,6,2,3,419.66
1,1,6,2,4,403.9
1,1,6,2,5,409.75
1,1,6,2,6,534.54
1,1,6,2,7,425.02
1,1,6,2,8,474.17
1,1,6,3,3,413.07
1,1,6,3,4,400.65
1,1,6,3,5,417.73
1,1,6,3,6,407.93
1,1,6,3,7,409.96
1,1,6,3,8,542.6
1,1,6,4,4,403.79
1,1,6,4,5,418.54
1,1,6,4,6,474.32
1,1,6,4,7,399.63
1,1,6,4,8,633.23
1,1,6,6,1,422.6
1,1,6,6,2,457.33
1,1,6,6,3,415
1,1,6,6,4,404.13
1,1,6,6,6,427.08
1,1,6,6,7,402.83
1,1,6,6,8,580.92
1,1,6,7,1,428.24
1,1,6,7,2,466.22
1,1,6,7,3,412.25
1,1,6,7,4,398.48
1,1,6,7,7,431.76
1,1,6,7,8,580.92
1,1,6,8,1,431.76
1,1,6,8,2,547.92
1,1,6,8,3,411.7
1,1,6,8,4,471.59
1,1,6,8,8,440.97
1,1,7,1,1,405.8
1,1,7,1,2,571.09
1,1,7,1,3,406.55
1,1,7,1,4,400.86
1,1,7,1,5,406.25
1,1,7,1,6,428.4
1,1,7,1,7,412.12
1,1,7,1,8,449.25
1,1,7,2,2,565.01
1,1,7,2,3,429.16
1,1,7,2,4,349.06
1,1,7,2,5,422.32
1,1,7,2,6,513.95
1,1,7,2,7,419.62
1,1,7,2,8,462.44
1,1,7,3,3,407.03
1,1,7,3,4,400.85
1,1,7,3,5,406.42
1,1,7,3,6,332.28
1,1,7,3,7,413.24
1,1,7,3,8,442.2
1,1,7,4,4,400.84
1,1,7,4,5,409.66
1,1,7,4,6,451.84
1,1,7,4,7,400.8
1,1,7,4,8,442.24
1,1,7,7,1,408.39
1,1,7,7,2,461.35
1,1,7,7,3,413.68
1,1,7,7,4,401.32
1,1,7,7,7,415.08
1,1,7,7,8,580.92
1,1,7,8,1,420.16
1,1,7,8,2,506.13
1,1,7,8,3,409.21
1,1,7,8,4,432.41
1,1,7,8,8,467.02
1,1,8,1,1,420.27
1,1,8,1,2,464.41
1,1,8,1,3,413.33
1,1,8,1,4,403.56
1,1,8,1,5,420.32
1,1,8,1,6,414.25
1,1,8,1,7,403.3
1,1,8,1,8,448.19
1,1,8,2,2,503.74
1,1,8,2,3,426.85
1,1,8,2,4,470.85
1,1,8,2,5,420.31
1,1,8,2,6,496.06
1,1,8,2,7,422.1
1,1,8,2,8,479.7
1,1,8,3,3,414.73
1,1,8,3,4,402.8
1,1,8,3,5,407.68
1,1,8,3,6,403.07
1,1,8,3,7,406.51
1,1,8,3,8,442.19
1,1,8,4,4,432.4
1,1,8,4,5,449.23
1,1,8,4,6,752.36
1,1,8,4,7,432.51
1,1,8,4,8,471.94
1,1,8,8,1,410.36
1,1,8,8,2,566.09
1,1,8,8,3,413.29
1,1,8,8,4,448.06
1,1,8,8,8,493.48
1,2,2,2,2,549.64
1,2,2,2,3,518.36
1,2,2,2,4,406.55
1,2,2,2,5,418.98
1,2,2,2,6,522.35
1,2,2,2,7,418.86
1,2,2,2,8,438.06
1,2,2,3,3,586.29
1,2,2,3,4,389.86
1,2,2,3,5,401.26
1,2,2,3,6,465.24
1,2,2,3,7,417.66
1,2,2,3,8,544.85
1,2,2,4,4,468.4
1,2,2,4,5,407.12
1,2,2,4,6,432.48
1,2,2,4,7,409.53
1,2,2,4,8,432.44
1,2,2,5,1,414.54
1,2,2,5,2,473.03
1,2,2,5,3,409.16
1,2,2,5,4,395.45
1,2,2,5,5,427.64
1,2,2,5,6,425.88
1,2,2,5,7,418.4
1,2,2,5,8,580.92
1,2,2,6,1,514.65
1,2,2,6,2,531.98
1,2,2,6,3,476
1,2,2,6,4,435.4
1,2,2,6,6,600.76
1,2,2,6,7,409.55
1,2,2,6,8,580.92
1,2,2,7,1,413.9
1,2,2,7,2,455.37
1,2,2,7,3,415.1
1,2,2,7,4,395.28
1,2,2,7,7,419.04
1,2,2,7,8,580.92
1,2,2,8,1,525.29
1,2,2,8,2,397
1,2,2,8,3,418.24
1,2,2,8,4,431.34
1,2,2,8,8,488.59
1,2,3,3,3,567.48
1,2,3,3,4,404.37
1,2,3,3,5,418.85
1,2,3,3,6,491.65
1,2,3,3,7,421.03
1,2,3,3,8,434.64
1,2,3,4,4,398.48
1,2,3,4,5,409.83
1,2,3,4,6,429.71
1,2,3,4,7,407.66
1,2,3,4,8,432.43
1,2,3,5,1,418.53
1,2,3,5,2,510.93
1,2,3,5,3,400.97
1,2,3,5,4,395.83
1,2,3,5,5,418.17
1,2,3,5,6,390.67
1,2,3,5,7,418.22
1,2,3,5,8,580.92
1,2,3,6,1,496.84
1,2,3,6,2,491.44
1,2,3,6,3,492.03
1,2,3,6,4,428.57
1,2,3,6,6,500.09
1,2,3,6,7,414.12
1,2,3,6,8,756.04
1,2,3,7,1,360.92
1,2,3,7,2,431.75
1,2,3,7,3,406.13
1,2,3,7,4,398.51
1,2,3,7,7,421.66
1,2,3,7,8,461.39
1,2,3,8,1,405.99
1,2,3,8,2,518.57
1,2,3,8,3,409.35
1,2,3,8,4,466.84
1,2,3,8,8,455.29
1,2,4,4,4,396.44
1,2,4,4,5,410.4
1,2,4,4,6,407.28
1,2,4,4,7,405.41
1,2,4,4,8,477.38
1,2,4,5,1,409.66
1,2,4,5,2,413.61
1,2,4,5,3,408.37
1,2,4,5,4,399.19
1,2,4,5,5,413.43
1,2,4,5,6,425.26
1,2,4,5,7,410.48
1,2,4,5,8,580.92
1,2,4,6,1,474.78
1,2,4,6,2,440.04
1,2,4,6,3,442.17
1,2,4,6,4,438.81
1,2,4,6,6,423.29
1,2,4,6,7,393.94
1,2,4,6,8,779.09
1,2,4,7,1,408.83
1,2,4,7,2,417.92
1,2,4,7,3,412.39
1,2,4,7,4,396.28
1,2,4,7,7,409.98
1,2,4,7,8,551.88
1,2,4,8,1,414.65
1,2,4,8,2,498.18
1,2,4,8,3,425.01
1,2,4,8,4,471.42
1,2,4,8,8,478.25
1,2,5,1,1,404.23
1,2,5,1,2,426.11
1,2,5,1,3,404.88
1,2,5,1,4,395.45
1,2,5,1,5,426.32
1,2,5,1,6,363.42
1,2,5,1,7,407.63
1,2,5,1,8,484.7
1,2,5,2,2,435.27
1,2,5,2,3,428.32
1,2,5,2,4,404.5
1,2,5,2,5,422.56
1,2,5,2,6,530.49
1,2,5,2,7,422.8
1,2,5,2,8,442.65
1,2,5,3,3,414.99
1,2,5,3,4,395.56
1,2,5,3,5,419.27
1,2,5,3,6,382.02
1,2,5,3,7,417.74
1,2,5,3,8,458.64
1,2,5,4,4,400.42
1,2,5,4,5,399.26
1,2,5,4,6,428.38
1,2,5,4,7,397.36
1,2,5,4,8,580.92
1,2,5,5,1,426.53
1,2,5,5,2,486.25
1,2,5,5,3,400.8
1,2,5,5,4,395.44
1,2,5,5,5,426.56
1,2,5,5,6,429.2
1,2,5,5,7,418.41
1,2,5,5,8,580.92
1,2,5,6,1,418.86
1,2,5,6,2,542.92
1,2,5,6,3,410.67
1,2,5,6,4,397.6
1,2,5,6,6,443.9
1,2,5,6,7,418.06
1,2,5,6,8,443.87
1,2,5,7,1,418.39
1,2,5,7,2,507.49
1,2,5,7,3,401.24
1,2,5,7,4,395.49
1,2,5,7,7,419.52
1,2,5,7,8,538.51
1,2,5,8,1,412.15
1,2,5,8,2,493.17
1,2,5,8,3,405.53
1,2,5,8,4,471.59
1,2,5,8,8,489.91
1,2,6,1,1,524.88
1,2,6,1,2,561.43
1,2,6,1,3,381.51
1,2,6,1,4,372.02
1,2,6,1,5,422.15
1,2,6,1,6,494.51
1,2,6,1,7,393.14
1,2,6,1,8,754.31
1,2,6,2,2,488.94
1,2,6,2,3,492.61
1,2,6,2,4,469.78
1,2,6,2,5,405.88
1,2,6,2,6,2070.2
1,2,6,2,7,417.04
1,2,6,2,8,755.95
1,2,6,3,3,451.03
1,2,6,3,4,382.89
1,2,6,3,5,411.91
1,2,6,3,6,542.65
1,2,6,3,7,430.84
1,2,6,3,8,449.98
1,2,6,4,4,380.71
1,2,6,4,5,412.21
1,2,6,4,6,467.6
1,2,6,4,7,408.18
1,2,6,4,8,756.28
1,2,6,6,1,424.63
1,2,6,6,2,515.73
1,2,6,6,3,534.04
1,2,6,6,4,397.4
1,2,6,6,6,500.49
1,2,6,6,7,482.63
1,2,6,6,8,753.44
1,2,6,7,1,406.39
1,2,6,7,2,469.24
1,2,6,7,3,434.31
1,2,6,7,4,399.25
1,2,6,7,7,415.45
1,2,6,7,8,445.06
1,2,6,8,1,535.45
1,2,6,8,2,407.03
1,2,6,8,3,461.61
1,2,6,8,4,472.99
1,2,6,8,8,537.04
1,2,7,1,1,420.88
1,2,7,1,2,432.58
1,2,7,1,3,403.78
1,2,7,1,4,390.97
1,2,7,1,5,418.6
1,2,7,1,6,384.79
1,2,7,1,7,418.24
1,2,7,1,8,580.92
1,2,7,2,2,453.81
1,2,7,2,3,420.1
1,2,7,2,4,393.36
1,2,7,2,5,406
1,2,7,2,6,502.69
1,2,7,2,7,417.22
1,2,7,2,8,446.84
1,2,7,3,3,406.61
1,2,7,3,4,395.88
1,2,7,3,5,402.97
1,2,7,3,6,401.9
1,2,7,3,7,413.49
1,2,7,3,8,461.98
1,2,7,4,4,394.61
1,2,7,4,5,417.32
1,2,7,4,6,396.62
1,2,7,4,7,400.55
1,2,7,4,8,580.92
1,2,7,7,1,423.44
1,2,7,7,2,495.71
1,2,7,7,3,404.87
1,2,7,7,4,396.37
1,2,7,7,7,419.96
1,2,7,7,8,580.92
1,2,7,8,1,414.19
1,2,7,8,2,485.23
1,2,7,8,3,410.45
1,2,7,8,4,471.59
1,2,7,8,8,467.01
1,2,8,1,1,408.63
1,2,8,1,2,453.03
1,2,8,1,3,410.11
1,2,8,1,4,410.15
1,2,8,1,5,411.88
1,2,8,1,6,407.19
1,2,8,1,7,402.26
1,2,8,1,8,453.98
1,2,8,2,2,521.07
1,2,8,2,3,397.94
1,2,8,2,4,513.64
1,2,8,2,5,419.42
1,2,8,2,6,440.73
1,2,8,2,7,408.09
1,2,8,2,8,661.48
1,2,8,3,3,458.06
1,2,8,3,4,408.06
1,2,8,3,5,410.32
1,2,8,3,6,406.83
1,2,8,3,7,415.52
1,2,8,3,8,476.72
1,2,8,4,4,471.6
1,2,8,4,5,428.57
1,2,8,4,6,755.4
1,2,8,4,7,580.92
1,2,8,4,8,530.75
1,2,8,8,1,876.18
1,2,8,8,2,652.25
1,2,8,8,3,642.41
1,2,8,8,4,515.63
1,2,8,8,8,496.55
1,3,3,3,3,414.74
1,3,3,3,4,400.52
1,3,3,3,5,406.95
1,3,3,3,6,414.73
1,3,3,3,7,415.07
1,3,3,3,8,432.63
1,3,3,4,4,400.57
1,3,3,4,5,400.71
1,3,3,4,6,410
1,3,3,4,7,400.55
1,3,3,4,8,432.46
1,3,3,5,1,406.71
1,3,3,5,2,429.76
1,3,3,5,3,406.14
1,3,3,5,4,400.64
1,3,3,5,5,407.93
1,3,3,5,6,429.07
1,3,3,5,7,407.6
1,3,3,5,8,442.2
1,3,3,6,1,412.79
1,3,3,6,2,499.2
1,3,3,6,3,414.21
1,3,3,6,4,394.12
1,3,3,6,6,383.16
1,3,3,6,7,418.49
1,3,3,6,8,545.64
1,3,3,7,1,408.05
1,3,3,7,2,437.5
1,3,3,7,3,408.22
1,3,3,7,4,400.72
1,3,3,7,7,412.69
1,3,3,7,8,432.76
1,3,3,8,1,404.19
1,3,3,8,2,470.15
1,3,3,8,3,401.52
1,3,3,8,4,432.41
1,3,3,8,8,464.81
1,3,4,4,4,400.61
1,3,4,4,5,403.09
1,3,4,4,6,406.48
1,3,4,4,7,400.09
1,3,4,4,8,432.57
1,3,4,5,1,401.18
1,3,4,5,2,403.24
1,3,4,5,3,400.96
1,3,4,5,4,399.28
1,3,4,5,5,401.47
1,3,4,5,6,401.71
1,3,4,5,7,402.39
1,3,4,5,8,432.45
1,3,4,6,1,405.87
1,3,4,6,2,443.26
1,3,4,6,3,409.49
1,3,4,6,4,461.34
1,3,4,6,6,468.18
1,3,4,6,7,404.72
1,3,4,6,8,773.27
1,3,4,7,1,400.45
1,3,4,7,2,416.97
1,3,4,7,3,400.47
1,3,4,7,4,400.58
1,3,4,7,7,401.19
1,3,4,7,8,432.58
1,3,4,8,1,405.7
1,3,4,8,2,432.31
1,3,4,8,3,401.55
1,3,4,8,4,432.42
1,3,4,8,8,464.77
1,3,5,1,1,406.24
1,3,5,1,2,418.92
1,3,5,1,3,404.73
1,3,5,1,4,400.72
1,3,5,1,5,405.7
1,3,5,1,6,428.87
1,3,5,1,7,406.09
1,3,5,1,8,449.24
1,3,5,2,2,422.32
1,3,5,2,3,428.87
1,3,5,2,4,397.91
1,3,5,2,5,421.99
1,3,5,2,6,513.43
1,3,5,2,7,412.91
1,3,5,2,8,461.89
1,3,5,3,3,405.45
1,3,5,3,4,400.71
1,3,5,3,5,406.91
1,3,5,3,6,376.55
1,3,5,3,7,406.01
1,3,5,3,8,437.52
1,3,5,4,4,400.72
1,3,5,4,5,401.07
1,3,5,4,6,412.89
1,3,5,4,7,399.9
1,3,5,4,8,441.88
1,3,5,5,1,410.49
1,3,5,5,2,555.23
1,3,5,5,3,409.71
1,3,5,5,4,400.71
1,3,5,5,5,406.64
1,3,5,5,6,418.53
1,3,5,5,7,411.2
1,3,5,5,8,442.21
1,3,5,6,1,428.91
1,3,5,6,2,408.59
1,3,5,6,3,412.45
1,3,5,6,4,398.49
1,3,5,6,6,411.99
1,3,5,6,7,429.63
1,3,5,6,8,580.92
1,3,5,7,1,407.68
1,3,5,7,2,443.82
1,3,5,7,3,407.25
1,3,5,7,4,400.88
1,3,5,7,7,411.8
1,3,5,7,8,580.92
1,3,5,8,1,402.24
1,3,5,8,2,532.05
1,3,5,8,3,401.68
1,3,5,8,4,432.41
1,3,5,8,8,467.01
1,3,6,1,1,414.17
1,3,6,1,2,415.62
1,3,6,1,3,413.7
1,3,6,1,4,391.61
1,3,6,1,5,417.01
1,3,6,1,6,303.38
1,3,6,1,7,429.53
1,3,6,1,8,536.28
1,3,6,2,2,404.92
1,3,6,2,3,430.05
1,3,6,2,4,401.24
1,3,6,2,5,400.15
1,3,6,2,6,521.91
1,3,6,2,7,429.44
1,3,6,2,8,468.66
1,3,6,3,3,407.17
1,3,6,3,4,400.73
1,3,6,3,5,417.59
1,3,6,3,6,335.49
1,3,6,3,7,427.7
1,3,6,3,8,580.92
1,3,6,4,4,398.53
1,3,6,4,5,418.16
1,3,6,4,6,468.15
1,3,6,4,7,403.19
1,3,6,4,8,580.93
1,3,6,6,1,404.45
1,3,6,6,2,529.33
1,3,6,6,3,407.09
1,3,6,6,4,402.5
1,3,6,6,6,487.34
1,3,6,6,7,409.82
1,3,6,6,8,580.85
1,3,6,7,1,428.11
1,3,6,7,2,437.9
1,3,6,7,3,413.69
1,3,6,7,4,398.53
1,3,6,7,7,429.23
1,3,6,7,8,580.92
1,3,6,8,1,384.79
1,3,6,8,2,416.71
1,3,6,8,3,378.22
1,3,6,8,4,471.59
1,3,6,8,8,467.36
1,3,7,1,1,406.84
1,3,7,1,2,429.5
1,3,7,1,3,407.31
1,3,7,1,4,400.88
1,3,7,1,5,407.52
1,3,7,1,6,406.18
1,3,7,1,7,412.93
1,3,7,1,8,449.25
1,3,7,2,2,537.07
1,3,7,2,3,432.33
1,3,7,2,4,404.08
1,3,7,2,5,421.11
1,3,7,2,6,474.14
1,3,7,2,7,412.29
1,3,7,2,8,461.86
1,3,7,3,3,406.86
1,3,7,3,4,400.72
1,3,7,3,5,410.47
1,3,7,3,6,408.4
1,3,7,3,7,410.35
1,3,7,3,8,442.2
1,3,7,4,4,400.87
1,3,7,4,5,417.93
1,3,7,4,6,408.04
1,3,7,4,7,401.03
1,3,7,4,8,442.28
1,3,7,7,1,411.72
1,3,7,7,2,453.62
1,3,7,7,3,412.96
1,3,7,7,4,401.09
1,3,7,7,7,412.73
1,3,7,7,8,580.92
1,3,7,8,1,400.35
1,3,7,8,2,455.87
1,3,7,8,3,402.06
1,3,7,8,4,432.42
1,3,7,8,8,466.59
1,3,8,1,1,402.29
1,3,8,1,2,428.05
1,3,8,1,3,399.02
1,3,8,1,4,400.68
1,3,8,1,5,404.25
1,3,8,1,6,410.21
1,3,8,1,7,405.34
1,3,8,1,8,444
1,3,8,2,2,446.59
1,3,8,2,3,400.07
1,3,8,2,4,434.87
1,3,8,2,5,414.29
1,3,8,2,6,447.72
1,3,8,2,7,421.93
1,3,8,2,8,481.31
1,3,8,3,3,400.44
1,3,8,3,4,399.28
1,3,8,3,5,402.8
1,3,8,3,6,412.43
1,3,8,3,7,403.32
1,3,8,3,8,442.2
1,3,8,4,4,432.41
1,3,8,4,5,449.24
1,3,8,4,6,750.88
1,3,8,4,7,433.55
1,3,8,4,8,464.84
1,3,8,8,1,415.37
1,3,8,8,2,563.75
1,3,8,8,3,409.22
1,3,8,8,4,448.07
1,3,8,8,8,475.62
1,4,4,4,4,401.64
1,4,4,4,5,420.33
1,4,4,4,6,463.87
1,4,4,4,7,403.22
1,4,4,4,8,473.87
1,4,4,5,1,404.24
1,4,4,5,2,416.02
1,4,4,5,3,404.82
1,4,4,5,4,402.09
1,4,4,5,5,420.32
1,4,4,5,6,406.39
1,4,4,5,7,403.92
1,4,4,5,8,443.94
1,4,4,6,1,443.34
1,4,4,6,2,473.2
1,4,4,6,3,447.18
1,4,4,6,4,476.46
1,4,4,6,6,462.62
1,4,4,6,7,400.17
1,4,4,6,8,766.89
1,4,4,7,1,399.81
1,4,4,7,2,405.57
1,4,4,7,3,400.74
1,4,4,7,4,400.76
1,4,4,7,7,406.08
1,4,4,7,8,444.02
1,4,4,8,1,420.37
1,4,4,8,2,490.23
1,4,4,8,3,413.28
1,4,4,8,4,473.87
1,4,4,8,8,489.91
1,4,5,1,1,416.42
1,4,5,1,2,412.9
1,4,5,1,3,415.48
1,4,5,1,4,398.81
1,4,5,1,5,400.9
1,4,5,1,6,404.4
1,4,5,1,7,400.09
1,4,5,1,8,432.41
1,4,5,2,2,431.26
1,4,5,2,3,444.48
1,4,5,2,4,433.52
1,4,5,2,5,416.17
1,4,5,2,6,433.41
1,4,5,2,7,418.08
1,4,5,2,8,437.68
1,4,5,3,3,417.57
1,4,5,3,4,399.04
1,4,5,3,5,403.91
1,4,5,3,6,415.08
1,4,5,3,7,401.31
1,4,5,3,8,438.36
1,4,5,4,4,402.09
1,4,5,4,5,402.17
1,4,5,4,6,404.01
1,4,5,4,7,403.37
1,4,5,4,8,443.95
1,4,5,5,1,401.68
1,4,5,5,2,452.23
1,4,5,5,3,402.97
1,4,5,5,4,402.09
1,4,5,5,5,420.33
1,4,5,5,6,417.78
1,4,5,5,7,403.77
1,4,5,5,8,449.24
1,4,5,6,1,404.79
1,4,5,6,2,423.3
1,4,5,6,3,403.98
1,4,5,6,4,396.44
1,4,5,6,6,414.28
1,4,5,6,7,406.23
1,4,5,6,8,412.6
1,4,5,7,1,399.96
1,4,5,7,2,434.67
1,4,5,7,3,401.59
1,4,5,7,4,399.2
1,4,5,7,7,405.73
1,4,5,7,8,442.3
1,4,5,8,1,414.88
1,4,5,8,2,440.4
1,4,5,8,3,408.3
1,4,5,8,4,432.41
1,4,5,8,8,471.91
1,4,6,1,1,446.96
1,4,6,1,2,433.73
1,4,6,1,3,442.36
1,4,6,1,4,429.89
1,4,6,1,5,410.24
1,4,6,1,6,448.12
1,4,6,1,7,404.78
1,4,6,1,8,580.92
1,4,6,2,2,431.22
1,4,6,2,3,434.19
1,4,6,2,4,456.54
1,4,6,2,5,394.14
1,4,6,2,6,438.72
1,4,6,2,7,401.11
1,4,6,2,8,457.42
1,4,6,3,3,402.09
1,4,6,3,4,391.94
1,4,6,3,5,400.31
1,4,6,3,6,454.15
1,4,6,3,7,406.53
1,4,6,3,8,762.32
1,4,6,4,4,411.4
1,4,6,4,5,398.5
1,4,6,4,6,438.53
1,4,6,4,7,403.71
1,4,6,4,8,776.32
1,4,6,6,1,469.69
1,4,6,6,2,527.39
1,4,6,6,3,465.62
1,4,6,6,4,450.23
1,4,6,6,6,489.4
1,4,6,6,7,413.48
1,4,6,6,8,799.01
1,4,6,7,1,406.08
1,4,6,7,2,417.21
1,4,6,7,3,378.49
1,4,6,7,4,398.76
1,4,6,7,7,408.44
1,4,6,7,8,438.6
1,4,6,8,1,455.76
1,4,6,8,2,558.85
1,4,6,8,3,445.43
1,4,6,8,4,656.75
1,4,6,8,8,503.35
1,4,7,1,1,400.08
1,4,7,1,2,404.47
1,4,7,1,3,399.77
1,4,7,1,4,399.42
1,4,7,1,5,400.21
1,4,7,1,6,401.46
1,4,7,1,7,400.83
1,4,7,1,8,432.77
1,4,7,2,2,427.8
1,4,7,2,3,417.26
1,4,7,2,4,404.01
1,4,7,2,5,412.32
1,4,7,2,6,436.41
1,4,7,2,7,408.82
1,4,7,2,8,448.96
1,4,7,3,3,400.02
1,4,7,3,4,400.5
1,4,7,3,5,402.21
1,4,7,3,6,401.74
1,4,7,3,7,403.6
1,4,7,3,8,432.59
1,4,7,4,4,400.49
1,4,7,4,5,408.66
1,4,7,4,6,400.36
1,4,7,4,7,401.87
1,4,7,4,8,442.27
1,4,7,7,1,401.37
1,4,7,7,2,423.64
1,4,7,7,3,404.04
1,4,7,7,4,400.49
1,4,7,7,7,404.13
1,4,7,7,8,442.22
1,4,7,8,1,414.04
1,4,7,8,2,523.83
1,4,7,8,3,408.42
1,4,7,8,4,432.41
1,4,7,8,8,471.93
1,4,8,1,1,419.45
1,4,8,1,2,469.76
1,4,8,1,3,403.44
1,4,8,1,4,403.87
1,4,8,1,5,413.98
1,4,8,1,6,435.19
1,4,8,1,7,414.03
1,4,8,1,8,444.27
1,4,8,2,2,514.57
1,4,8,2,3,418.26
1,4,8,2,4,495.35
1,4,8,2,5,463.08
1,4,8,2,6,585.17
1,4,8,2,7,445.7
1,4,8,2,8,480.27
1,4,8,3,3,403
1,4,8,3,4,401.19
1,4,8,3,5,407.95
1,4,8,3,6,436.69
1,4,8,3,7,408.13
1,4,8,3,8,475.29
1,4,8,4,4,473.89
1,4,8,4,5,432.44
1,4,8,4,6,471.59
1,4,8,4,7,432.61
1,4,8,4,8,489.93
1,4,8,8,1,413.72
1,4,8,8,2,617.36
1,4,8,8,3,408.75
1,4,8,8,4,474.53
1,4,8,8,8,2043.1
1,5,1,1,1,409.77
1,5,1,1,2,516.68
1,5,1,1,3,411.39
1,5,1,1,4,400.42
1,5,1,1,5,427.43
1,5,1,1,6,416.3
1,5,1,1,7,412.19
1,5,1,1,8,449.24
1,5,1,2,2,561.46
1,5,1,2,3,540.29
1,5,1,2,4,404.98
1,5,1,2,5,427.92
1,5,1,2,6,493.14
1,5,1,2,7,425.83
1,5,1,2,8,437.15
1,5,1,3,3,414.04
1,5,1,3,4,400.54
1,5,1,3,5,409.14
1,5,1,3,6,421.71
1,5,1,3,7,412.15
1,5,1,3,8,432.57
1,5,1,4,4,400.42
1,5,1,4,5,401.64
1,5,1,4,6,452.47
1,5,1,4,7,399.81
1,5,1,4,8,449.27
1,5,1,5,1,404.15
1,5,1,5,2,471.38
1,5,1,5,3,405.74
1,5,1,5,4,400.42
1,5,1,5,5,427.43
1,5,1,5,6,427.44
1,5,1,5,7,412.12
1,5,1,5,8,449.24
1,5,1,6,1,426.85
1,5,1,6,2,434.98
1,5,1,6,3,411.12
1,5,1,6,4,398.46
1,5,1,6,6,449.34
1,5,1,6,7,429.55
1,5,1,6,8,580.92
1,5,1,7,1,408.75
1,5,1,7,2,458.98
1,5,1,7,3,411.74
1,5,1,7,4,400.85
1,5,1,7,7,415.08
1,5,1,7,8,442.3
1,5,1,8,1,400.1
1,5,1,8,2,479.22
1,5,1,8,3,413.19
1,5,1,8,4,432.41
1,5,1,8,8,464.74
1,5,2,2,2,586.61
1,5,2,2,3,444.19
1,5,2,2,4,403.43
1,5,2,2,5,416.53
1,5,2,2,6,514.27
1,5,2,2,7,426.69
1,5,2,2,8,455.28
1,5,2,3,3,415.31
1,5,2,3,4,409.28
1,5,2,3,5,420.01
1,5,2,3,6,504.63
1,5,2,3,7,421.81
1,5,2,3,8,443.89
1,5,2,4,4,408.08
1,5,2,4,5,409.33
1,5,2,4,6,435.82
1,5,2,4,7,410.46
1,5,2,4,8,464.15
1,5,2,5,1,422.41
1,5,2,5,2,466.53
1,5,2,5,3,404.19
1,5,2,5,4,395.41
1,5,2,5,5,428.38
1,5,2,5,6,412.66
1,5,2,5,7,409.31
1,5,2,5,8,411.96
1,5,2,6,1,514.64
1,5,2,6,2,523.58
1,5,2,6,3,518.72
1,5,2,6,4,439.18
1,5,2,6,6,515.07
1,5,2,6,7,414.42
1,5,2,6,8,679.78
1,5,2,7,1,410.05
1,5,2,7,2,443.26
1,5,2,7,3,414.92
1,5,2,7,4,393.8
1,5,2,7,7,425.67
1,5,2,7,8,580.92
1,5,2,8,1,541.64
1,5,2,8,2,538.48
1,5,2,8,3,403.83
1,5,2,8,4,474.99
1,5,2,8,8,489.55
1,5,3,3,3,415.01
1,5,3,3,4,400.67
1,5,3,3,5,412.19
1,5,3,3,6,421.36
1,5,3,3,7,408.14
1,5,3,3,8,432.91
1,5,3,4,4,400.59
1,5,3,4,5,401.73
1,5,3,4,6,451.76
1,5,3,4,7,401.4
1,5,3,4,8,432.77
1,5,3,5,1,409.15
1,5,3,5,2,434.07
1,5,3,5,3,411.05
1,5,3,5,4,400.87
1,5,3,5,5,412.13
1,5,3,5,6,432.81
1,5,3,5,7,412.16
1,5,3,5,8,442.25
1,5,3,6,1,411.44
1,5,3,6,2,441.31
1,5,3,6,3,412.66
1,5,3,6,4,398.49
1,5,3,6,6,405.49
1,5,3,6,7,410.56
1,5,3,6,8,501.42
1,5,3,7,1,407.23
1,5,3,7,2,504.5
1,5,3,7,3,411.45
1,5,3,7,4,400.84
1,5,3,7,7,412.52
1,5,3,7,8,442.21
1,5,3,8,1,403.93
1,5,3,8,2,463.37
1,5,3,8,3,400.93
1,5,3,8,4,432.42
1,5,3,8,8,465.87
1,5,4,4,4,405.76
1,5,4,4,5,420.32
1,5,4,4,6,455.01
1,5,4,4,7,406.06
1,5,4,4,8,449.24
1,5,4,5,1,405.22
1,5,4,5,2,375.93
1,5,4,5,3,417.6
1,5,4,5,4,402.09
1,5,4,5,5,418.94
1,5,4,5,6,400.01
1,5,4,5,7,404.06
1,5,4,5,8,443.94
1,5,4,6,1,398.69
1,5,4,6,2,447.63
1,5,4,6,3,402.31
1,5,4,6,4,454.12
1,5,4,6,6,471.29
1,5,4,6,7,420.49
1,5,4,6,8,767.54
1,5,4,7,1,399.63
1,5,4,7,2,411.74
1,5,4,7,3,399.99
1,5,4,7,4,400.48
1,5,4,7,7,404.96
1,5,4,7,8,442.23
1,5,4,8,1,420.02
1,5,4,8,2,505.52
1,5,4,8,3,413.26
1,5,4,8,4,471.42
1,5,4,8,8,470.25
1,5,5,1,1,422.6
1,5,5,1,2,467.54
1,5,5,1,3,414.54
1,5,5,1,4,400.42
1,5,5,1,5,427.43
1,5,5,1,6,407.01
1,5,5,1,7,412.15
1,5,5,1,8,449.24
1,5,5,2,2,474.75
1,5,5,2,3,464.49
1,5,5,2,4,409.32
1,5,5,2,5,427.39
1,5,5,2,6,363.09
1,5,5,2,7,420.04
1,5,5,2,8,448.12
1,5,5,3,3,415.02
1,5,5,3,4,400.63
1,5,5,3,5,412.13
1,5,5,3,6,417.52
1,5,5,3,7,415.02
1,5,5,3,8,442.2
1,5,5,4,4,401.87
1,5,5,4,5,420.28
1,5,5,4,6,455.77
1,5,5,4,7,403.82
1,5,5,4,8,449.24
1,5,5,5,1,422.6
1,5,5,5,2,466.55
1,5,5,5,3,415.01
1,5,5,5,4,401.79
1,5,5,5,5,432.25
1,5,5,5,6,427.08
1,5,5,5,7,412.13
1,5,5,5,8,449.24
1,5,5,6,1,415.69
1,5,5,6,2,401.61
1,5,5,6,3,416.42
1,5,5,6,4,398.45
1,5,5,6,6,481.37
1,5,5,6,7,425.06
1,5,5,6,8,580.92
1,5,5,7,1,421.77
1,5,5,7,2,439.05
1,5,5,7,3,412.11
1,5,5,7,4,400.85
1,5,5,7,7,412.63
1,5,5,7,8,442.25
1,5,5,8,1,420.31
1,5,5,8,2,494.09
1,5,5,8,3,404.9
1,5,5,8,4,432.5
1,5,5,8,8,471.93
1,5,6,1,1,403.1
1,5,6,1,2,449.15
1,5,6,1,3,405.58
1,5,6,1,4,400.42
1,5,6,1,5,427.44
1,5,6,1,6,417.8
1,5,6,1,7,412.04
1,5,6,1,8,532.2
1,5,6,2,2,484.62
1,5,6,2,3,478.27
1,5,6,2,4,390.48
1,5,6,2,5,419.52
1,5,6,2,6,497.44
1,5,6,2,7,414.83
1,5,6,2,8,752.3
1,5,6,3,3,404.84
1,5,6,3,4,400.49
1,5,6,3,5,409.31
1,5,6,3,6,408.11
1,5,6,3,7,410.31
1,5,6,3,8,449.21
1,5,6,4,4,398.45
1,5,6,4,5,406.55
1,5,6,4,6,464.86
1,5,6,4,7,399.06
1,5,6,4,8,580.92
1,5,6,6,1,407.08
1,5,6,6,2,563.87
1,5,6,6,3,479.44
1,5,6,6,4,398.45
1,5,6,6,6,506.32
1,5,6,6,7,408.14
1,5,6,6,8,454.92
1,5,6,7,1,405.01
1,5,6,7,2,464.69
1,5,6,7,3,418.95
1,5,6,7,4,398.48
1,5,6,7,7,422.95
1,5,6,7,8,580.92
1,5,6,8,1,414.17
1,5,6,8,2,503.89
1,5,6,8,3,405.68
1,5,6,8,4,471.59
1,5,6,8,8,471.93
1,5,7,1,1,432.25
1,5,7,1,2,454.93
1,5,7,1,3,408.24
1,5,7,1,4,400.85
1,5,7,1,5,417.96
1,5,7,1,6,424.91
1,5,7,1,7,406.49
1,5,7,1,8,449.24
1,5,7,2,2,454.57
1,5,7,2,3,521.75
1,5,7,2,4,403.56
1,5,7,2,5,424.35
1,5,7,2,6,467.89
1,5,7,2,7,415.84
1,5,7,2,8,468.9
1,5,7,3,3,409.92
1,5,7,3,4,400.89
1,5,7,3,5,412.12
1,5,7,3,6,415.37
1,5,7,3,7,415.11
1,5,7,3,8,442.2
1,5,7,4,4,400.85
1,5,7,4,5,400.85
1,5,7,4,6,446.44
1,5,7,4,7,401.22
1,5,7,4,8,442.2
1,5,7,7,1,421.93
1,5,7,7,2,480.67
1,5,7,7,3,413.71
1,5,7,7,4,400.87
1,5,7,7,7,415.14
1,5,7,7,8,442.21
1,5,7,8,1,407.11
1,5,7,8,2,503.53
1,5,7,8,3,403.39
1,5,7,8,4,432.41
1,5,7,8,8,467.01
1,5,8,1,1,418.24
1,5,8,1,2,447.27
1,5,8,1,3,401.74
1,5,8,1,4,403.49
1,5,8,1,5,420.33
1,5,8,1,6,420.36
1,5,8,1,7,403.3
1,5,8,1,8,443.94
1,5,8,2,2,470.26
1,5,8,2,3,444.4
1,5,8,2,4,473
1,5,8,2,5,418.35
1,5,8,2,6,513.81
1,5,8,2,7,424.87
1,5,8,2,8,494.7
1,5,8,3,3,413.21
1,5,8,3,4,401.27
1,5,8,3,5,409.25
1,5,8,3,6,403.02
1,5,8,3,7,405.12
1,5,8,3,8,442.2
1,5,8,4,4,471.59
1,5,8,4,5,449.24
1,5,8,4,6,580.94
1,5,8,4,7,442.19
1,5,8,4,8,471.94
1,5,8,8,1,411.85
1,5,8,8,2,558.89
1,5,8,8,3,413.35
1,5,8,8,4,448.06
1,5,8,8,8,488.58
1,6,1,1,1,421.65
1,6,1,1,2,480.15
1,6,1,1,3,409.57
1,6,1,1,4,400.51
1,6,1,1,5,415.3
1,6,1,1,6,417.82
1,6,1,1,7,409.91
1,6,1,1,8,432.92
1,6,1,2,2,607.25
1,6,1,2,3,451.11
1,6,1,2,4,341.17
1,6,1,2,5,421.71
1,6,1,2,6,506.72
1,6,1,2,7,414.96
1,6,1,2,8,469.41
1,6,1,3,3,414.59
1,6,1,3,4,400.65
1,6,1,3,5,409.44
1,6,1,3,6,416.98
1,6,1,3,7,410.21
1,6,1,3,8,458.06
1,6,1,4,4,400.43
1,6,1,4,5,417.99
1,6,1,4,6,400.93
1,6,1,4,7,398.95
1,6,1,4,8,580.92
1,6,1,5,1,403.25
1,6,1,5,2,490.63
1,6,1,5,3,400.08
1,6,1,5,4,395.55
1,6,1,5,5,427.44
1,6,1,5,6,398.57
1,6,1,5,7,412.27
1,6,1,5,8,580.92
1,6,1,6,1,337.93
1,6,1,6,2,448.16
1,6,1,6,3,403.79
1,6,1,6,4,395.41
1,6,1,6,6,411.57
1,6,1,6,7,405.05
1,6,1,6,8,580.92
1,6,1,7,1,409.08
1,6,1,7,2,427.02
1,6,1,7,3,401.49
1,6,1,7,4,395.77
1,6,1,7,7,404.99
1,6,1,7,8,580.92
1,6,1,8,1,431.19
1,6,1,8,2,498.07
1,6,1,8,3,400.59
1,6,1,8,4,471.59
1,6,1,8,8,485
1,6,2,2,2,564.21
1,6,2,2,3,482.16
1,6,2,2,4,401.42
1,6,2,2,5,405.45
1,6,2,2,6,545.39
1,6,2,2,7,404.01
1,6,2,2,8,575.77
1,6,2,3,3,542.07
1,6,2,3,4,394.52
1,6,2,3,5,419.66
1,6,2,3,6,505.35
1,6,2,3,7,410.12
1,6,2,3,8,664.01
1,6,2,4,4,395.39
1,6,2,4,5,414.12
1,6,2,4,6,423.64
1,6,2,4,7,397.57
1,6,2,4,8,546.07
1,6,2,5,1,421.97
1,6,2,5,2,548.13
1,6,2,5,3,382.65
1,6,2,5,4,398.58
1,6,2,5,5,418.52
1,6,2,5,6,400.81
1,6,2,5,7,416.27
1,6,2,5,8,580.92
1,6,2,6,1,519.71
1,6,2,6,2,560.45
1,6,2,6,3,600.55
1,6,2,6,4,467.23
1,6,2,6,6,543.37
1,6,2,6,7,354.93
1,6,2,6,8,756.02
1,6,2,7,1,414.81
1,6,2,7,2,421.82
1,6,2,7,3,425.8
1,6,2,7,4,398.61
1,6,2,7,7,414.94
1,6,2,7,8,580.92
1,6,2,8,1,408.38
1,6,2,8,2,473.97
1,6,2,8,3,406.4
1,6,2,8,4,471.47
1,6,2,8,8,493.65
1,6,3,3,3,414.99
1,6,3,3,4,401.02
1,6,3,3,5,409.5
1,6,3,3,6,416.8
1,6,3,3,7,410
1,6,3,3,8,449.76
1,6,3,4,4,398.76
1,6,3,4,5,418.82
1,6,3,4,6,479.06
1,6,3,4,7,400.67
1,6,3,4,8,580.92
1,6,3,5,1,400.7
1,6,3,5,2,515.06
1,6,3,5,3,402.52
1,6,3,5,4,397.31
1,6,3,5,5,407.71
1,6,3,5,6,398.98
1,6,3,5,7,412.32
1,6,3,5,8,580.92
1,6,3,6,1,405.51
1,6,3,6,2,418.85
1,6,3,6,3,417.28
1,6,3,6,4,400.89
1,6,3,6,6,449.92
1,6,3,6,7,404.97
1,6,3,6,8,579.37
1,6,3,7,1,408.95
1,6,3,7,2,424.72
1,6,3,7,3,403.76
1,6,3,7,4,397.22
1,6,3,7,7,412.72
1,6,3,7,8,580.92
1,6,3,8,1,402.43
1,6,3,8,2,519.42
1,6,3,8,3,397.66
1,6,3,8,4,471.59
1,6,3,8,8,467.37
1,6,4,4,4,399.37
1,6,4,4,5,419.17
1,6,4,4,6,467.8
1,6,4,4,7,400.97
1,6,4,4,8,580.92
1,6,4,5,1,418.98
1,6,4,5,2,411.88
1,6,4,5,3,418.66
1,6,4,5,4,396.93
1,6,4,5,5,402.96
1,6,4,5,6,398.4
1,6,4,5,7,399.34
1,6,4,5,8,580.92
1,6,4,6,1,459.26
1,6,4,6,2,450.46
1,6,4,6,3,464.32
1,6,4,6,4,431.08
1,6,4,6,6,493.35
1,6,4,6,7,425.09
1,6,4,6,8,777.21
1,6,4,7,1,398.48
1,6,4,7,2,398.09
1,6,4,7,3,400.86
1,6,4,7,4,400.5
1,6,4,7,7,401.99
1,6,4,7,8,580.92
1,6,4,8,1,386.79
1,6,4,8,2,449.68
1,6,4,8,3,407.37
1,6,4,8,4,471.42
1,6,4,8,8,442.84
1,6,6,1,1,422.59
1,6,6,1,2,485.29
1,6,6,1,3,410.35
1,6,6,1,4,395.4
1,6,6,1,5,422.26
1,6,6,1,6,431.76
1,6,6,1,7,398.21
1,6,6,1,8,580.92
1,6,6,2,2,550.49
1,6,6,2,3,419.8
1,6,6,2,4,395.02
1,6,6,2,5,395.02
1,6,6,2,6,498.08
1,6,6,2,7,381.27
1,6,6,2,8,514.59
1,6,6,3,3,410.97
1,6,6,3,4,396.74
1,6,6,3,5,410.51
1,6,6,3,6,405.27
1,6,6,3,7,410.67
1,6,6,3,8,580.92
1,6,6,4,4,398.45
1,6,6,4,5,419.39
1,6,6,4,6,467.63
1,6,6,4,7,406.38
1,6,6,4,8,456.45
1,6,6,6,1,448.04
1,6,6,6,2,525.81
1,6,6,6,3,415.03
1,6,6,6,4,401.46
1,6,6,6,6,502.6
1,6,6,6,7,474.56
1,6,6,6,8,580.92
1,6,6,7,1,421.24
1,6,6,7,2,545.29
1,6,6,7,3,415.05
1,6,6,7,4,398.48
1,6,6,7,7,421.07
1,6,6,7,8,448.13
1,6,6,8,1,448.81
1,6,6,8,2,539.99
1,6,6,8,3,405.54
1,6,6,8,4,465.53
1,6,6,8,8,472.72
1,6,7,1,1,414.7
1,6,7,1,2,432.44
1,6,7,1,3,402.51
1,6,7,1,4,396.25
1,6,7,1,5,427.45
1,6,7,1,6,412.01
1,6,7,1,7,409.96
1,6,7,1,8,580.92
1,6,7,2,2,441.48
1,6,7,2,3,442.29
1,6,7,2,4,383.18
1,6,7,2,5,418.87
1,6,7,2,6,531.92
1,6,7,2,7,402.78
1,6,7,2,8,459.15
1,6,7,3,3,410.98
1,6,7,3,4,400.82
1,6,7,3,5,409.57
1,6,7,3,6,408.48
1,6,7,3,7,407.68
1,6,7,3,8,425.24
1,6,7,4,4,398.67
1,6,7,4,5,406.27
1,6,7,4,6,464.84
1,6,7,4,7,398.67
1,6,7,4,8,580.92
1,6,7,7,1,403.94
1,6,7,7,2,426.85
1,6,7,7,3,414.93
1,6,7,7,4,398.56
1,6,7,7,7,420.1
1,6,7,7,8,580.92
1,6,7,8,1,407.67
1,6,7,8,2,465.84
1,6,7,8,3,406.72
1,6,7,8,4,471.59
1,6,7,8,8,467.3
1,6,8,1,1,418.47
1,6,8,1,2,440.53
1,6,8,1,3,401.44
1,6,8,1,4,403.2
1,6,8,1,5,399.61
1,6,8,1,6,424.12
1,6,8,1,7,404.42
1,6,8,1,8,447.9
1,6,8,2,2,492.39
1,6,8,2,3,388.62
1,6,8,2,4,445.94
1,6,8,2,5,418.79
1,6,8,2,6,496.05
1,6,8,2,7,414.14
1,6,8,2,8,950.64
1,6,8,3,3,413.78
1,6,8,3,4,401.27
1,6,8,3,5,403.97
1,6,8,3,6,413.93
1,6,8,3,7,405.08
1,6,8,3,8,442.19
1,6,8,4,4,471.59
1,6,8,4,5,473.79
1,6,8,4,6,751.47
1,6,8,4,7,580.92
1,6,8,4,8,442.56
1,6,8,8,1,409.5
1,6,8,8,2,584.05
1,6,8,8,3,415.04
1,6,8,8,4,413.34
1,6,8,8,8,488.85
1,7,1,1,1,408.29
1,7,1,1,2,415.36
1,7,1,1,3,405.67
1,7,1,1,4,400.86
1,7,1,1,5,421.58
1,7,1,1,6,427.74
1,7,1,1,7,407.63
1,7,1,1,8,449.24
1,7,1,2,2,515.87
1,7,1,2,3,461.04
1,7,1,2,4,392.75
1,7,1,2,5,419.64
1,7,1,2,6,493.01
1,7,1,2,7,410.86
1,7,1,2,8,435.68
1,7,1,3,3,405.09
1,7,1,3,4,400.91
1,7,1,3,5,412.16
1,7,1,3,6,416.72
1,7,1,3,7,411.5
1,7,1,3,8,432.62
1,7,1,4,4,400.84
1,7,1,4,5,404.16
1,7,1,4,6,400.39
1,7,1,4,7,400.23
1,7,1,4,8,449.24
1,7,1,5,1,407.7
1,7,1,5,2,507.06
1,7,1,5,3,407.4
1,7,1,5,4,400.54
1,7,1,5,5,421.48
1,7,1,5,6,430.27
1,7,1,5,7,410.35
1,7,1,5,8,442.2
1,7,1,6,1,427.12
1,7,1,6,2,535.42
1,7,1,6,3,415.67
1,7,1,6,4,398.48
1,7,1,6,6,407.45
1,7,1,6,7,429.47
1,7,1,6,8,580.92
1,7,1,7,1,408.77
1,7,1,7,2,427.01
1,7,1,7,3,410.27
1,7,1,7,4,400.74
1,7,1,7,7,407.05
1,7,1,7,8,442.23
1,7,1,8,1,401.65
1,7,1,8,2,493.98
1,7,1,8,3,400.39
1,7,1,8,4,432.4
1,7,1,8,8,464.76
1,7,2,2,2,414.66
1,7,2,2,3,515.92
1,7,2,2,4,399.63
1,7,2,2,5,401.48
1,7,2,2,6,493.84
1,7,2,2,7,431.35
1,7,2,2,8,478.53
1,7,2,3,3,530.43
1,7,2,3,4,383.7
1,7,2,3,5,420.36
1,7,2,3,6,508.3
1,7,2,3,7,420.84
1,7,2,3,8,433.54
1,7,2,4,4,388.34
1,7,2,4,5,411.79
1,7,2,4,6,442.49
1,7,2,4,7,411.82
1,7,2,4,8,480.46
1,7,2,5,1,418.56
1,7,2,5,2,434.11
1,7,2,5,3,398.69
1,7,2,5,4,395.56
1,7,2,5,5,421.02
1,7,2,5,6,401.81
1,7,2,5,7,421.34
1,7,2,5,8,427.22
1,7,2,6,1,521.26
1,7,2,6,2,411.83
1,7,2,6,3,454.35
1,7,2,6,4,434.36
1,7,2,6,6,509.74
1,7,2,6,7,417.11
1,7,2,6,8,752.08
1,7,2,7,1,419.62
1,7,2,7,2,424.67
1,7,2,7,3,411.41
1,7,2,7,4,398.98
1,7,2,7,7,420.24
1,7,2,7,8,580.92
1,7,2,8,1,546.22
1,7,2,8,2,459.72
1,7,2,8,3,407.08
1,7,2,8,4,506.72
1,7,2,8,8,489.55
1,7,3,3,3,406.81
1,7,3,3,4,400.88
1,7,3,3,5,412.26
1,7,3,3,6,411.94
1,7,3,3,7,412.88
1,7,3,3,8,437.3
1,7,3,4,4,400.85
1,7,3,4,5,416.43
1,7,3,4,6,453.17
1,7,3,4,7,401.26
1,7,3,4,8,442.2
1,7,3,5,1,411.15
1,7,3,5,2,514
1,7,3,5,3,411.97
1,7,3,5,4,400.68
1,7,3,5,5,412.13
1,7,3,5,6,425.17
1,7,3,5,7,412.21
1,7,3,5,8,442.2
1,7,3,6,1,411.99
1,7,3,6,2,451.47
1,7,3,6,3,413.18
1,7,3,6,4,398.51
1,7,3,6,6,411.86
1,7,3,6,7,410.31
1,7,3,6,8,573.39
1,7,3,7,1,411.09
1,7,3,7,2,476.45
1,7,3,7,3,408.81
1,7,3,7,4,401.04
1,7,3,7,7,412.32
1,7,3,7,8,580.92
1,7,3,8,1,401.45
1,7,3,8,2,465.44
1,7,3,8,3,400
1,7,3,8,4,432.43
1,7,3,8,8,467.37
1,7,4,4,4,400.84
1,7,4,4,5,417.85
1,7,4,4,6,453.92
1,7,4,4,7,401.77
1,7,4,4,8,442.19
1,7,4,5,1,417.72
1,7,4,5,2,405.88
1,7,4,5,3,417.84
1,7,4,5,4,399.32
1,7,4,5,5,408.74
1,7,4,5,6,394.43
1,7,4,5,7,402.93
1,7,4,5,8,443.95
1,7,4,6,1,451.17
1,7,4,6,2,438.54
1,7,4,6,3,452.05
1,7,4,6,4,427.14
1,7,4,6,6,463.82
1,7,4,6,7,409.02
1,7,4,6,8,580.93
1,7,4,7,1,400.22
1,7,4,7,2,407.97
1,7,4,7,3,401.15
1,7,4,7,4,400.58
1,7,4,7,7,402.95
1,7,4,7,8,442.31
1,7,4,8,1,403.82
1,7,4,8,2,517.48
1,7,4,8,3,402.55
1,7,4,8,4,473.87
1,7,4,8,8,467.07
1,7,7,1,1,414.98
1,7,7,1,2,480.93
1,7,7,1,3,411.08
1,7,7,1,4,400.69
1,7,7,1,5,421.91
1,7,7,1,6,415.11
1,7,7,1,7,408.48
1,7,7,1,8,449.24
1,7,7,2,2,427.69
1,7,7,2,3,453.35
1,7,7,2,4,403.49
1,7,7,2,5,402.07
1,7,7,2,6,539.48
1,7,7,2,7,419.52
1,7,7,2,8,455.25
1,7,7,3,3,415.16
1,7,7,3,4,400.77
1,7,7,3,5,411.53
1,7,7,3,6,414.25
1,7,7,3,7,415.04
1,7,7,3,8,442.2
1,7,7,4,4,401.03
1,7,7,4,5,417.92
1,7,7,4,6,457.25
1,7,7,4,7,403.13
1,7,7,4,8,442.19
1,7,7,7,1,421.96
1,7,7,7,2,457.77
1,7,7,7,3,415.09
1,7,7,7,4,402.52
1,7,7,7,7,415.17
1,7,7,7,8,445.81
1,7,7,8,1,406.1
1,7,7,8,2,503.03
1,7,7,8,3,402.94
1,7,7,8,4,432.41
1,7,7,8,8,467.28
1,7,8,1,1,405.67
1,7,8,1,2,448.24
1,7,8,1,3,400.82
1,7,8,1,4,401.27
1,7,8,1,5,404.32
1,7,8,1,6,415.35
1,7,8,1,7,403.53
1,7,8,1,8,444.09
1,7,8,2,2,452.37
1,7,8,2,3,404.93
1,7,8,2,4,489.45
1,7,8,2,5,416.89
1,7,8,2,6,481.94
1,7,8,2,7,417.03
1,7,8,2,8,456.99
1,7,8,3,3,402.94
1,7,8,3,4,400.3
1,7,8,3,5,401.96
1,7,8,3,6,412.61
1,7,8,3,7,403.25
1,7,8,3,8,442.2
1,7,8,4,4,432.65
1,7,8,4,5,445.36
1,7,8,4,6,469.74
1,7,8,4,7,442.19
1,7,8,4,8,467.06
1,7,8,8,1,419.59
1,7,8,8,2,602.73
1,7,8,8,3,409.74
1,7,8,8,4,448.06
1,7,8,8,8,478.34
1,8,1,1,1,418.6
1,8,1,1,2,480.31
1,8,1,1,3,401.64
1,8,1,1,4,401.29
1,8,1,1,5,419.82
1,8,1,1,6,420.36
1,8,1,1,7,403.29
1,8,1,1,8,443.94
1,8,1,2,2,421.06
1,8,1,2,3,379.74
1,8,1,2,4,457.81
1,8,1,2,5,409.51
1,8,1,2,6,425.27
1,8,1,2,7,414.18
1,8,1,2,8,432.42
1,8,1,3,3,404.75
1,8,1,3,4,398.96
1,8,1,3,5,402.05
1,8,1,3,6,408.54
1,8,1,3,7,400.74
1,8,1,3,8,432.46
1,8,1,4,4,403.62
1,8,1,4,5,413.97
1,8,1,4,6,401.48
1,8,1,4,7,401.16
1,8,1,4,8,449.26
1,8,1,5,1,402.69
1,8,1,5,2,428.29
1,8,1,5,3,415.02
1,8,1,5,4,403.5
1,8,1,5,5,420.33
1,8,1,5,6,408.05
1,8,1,5,7,404.7
1,8,1,5,8,443.94
1,8,1,6,1,392.98
1,8,1,6,2,415.95
1,8,1,6,3,403.73
1,8,1,6,4,396.15
1,8,1,6,6,401.38
1,8,1,6,7,405.08
1,8,1,6,8,580.92
1,8,1,7,1,399.94
1,8,1,7,2,418.5
1,8,1,7,3,399.99
1,8,1,7,4,399.05
1,8,1,7,7,406.19
1,8,1,7,8,442.21
1,8,1,8,1,431.43
1,8,1,8,2,392.71
1,8,1,8,3,408.73
1,8,1,8,4,432.41
1,8,1,8,8,489.92
1,8,2,2,2,484.02
1,8,2,2,3,424.74
1,8,2,2,4,367.47
1,8,2,2,5,420
1,8,2,2,6,500.57
1,8,2,2,7,416.41
1,8,2,2,8,435.03
1,8,2,3,3,416.34
1,8,2,3,4,402
1,8,2,3,5,409.22
1,8,2,3,6,437.32
1,8,2,3,7,415.27
1,8,2,3,8,449.71
1,8,2,4,4,486.06
1,8,2,4,5,419.97
1,8,2,4,6,456.42
1,8,2,4,7,412.2
1,8,2,4,8,448.15
1,8,2,5,1,411.54
1,8,2,5,2,410.84
1,8,2,5,3,408.79
1,8,2,5,4,396.5
1,8,2,5,5,419.95
1,8,2,5,6,449.56
1,8,2,5,7,414.98
1,8,2,5,8,472.36
1,8,2,6,1,466.52
1,8,2,6,2,522.22
1,8,2,6,3,427.91
1,8,2,6,4,454.78
1,8,2,6,6,493.83
1,8,2,6,7,418.29
1,8,2,6,8,735.92
1,8,2,7,1,414.29
1,8,2,7,2,437.65
1,8,2,7,3,415.4
1,8,2,7,4,397
1,8,2,7,7,406.02
1,8,2,7,8,754.7
1,8,2,8,1,431.85
1,8,2,8,2,449.15
1,8,2,8,3,454.56
1,8,2,8,4,499.9
1,8,2,8,8,551.51
1,8,3,3,3,413.24
1,8,3,3,4,400.29
1,8,3,3,5,407.75
1,8,3,3,6,409.55
1,8,3,3,7,401.58
1,8,3,3,8,442.19
1,8,3,4,4,400.31
1,8,3,4,5,400.43
1,8,3,4,6,401.91
1,8,3,4,7,400.39
1,8,3,4,8,609.03
1,8,3,5,1,417.24
1,8,3,5,2,437.53
1,8,3,5,3,408.26
1,8,3,5,4,399.27
1,8,3,5,5,418.02
1,8,3,5,6,406.25
1,8,3,5,7,403.59
1,8,3,5,8,442.21
1,8,3,6,1,399.34
1,8,3,6,2,402.21
1,8,3,6,3,414.04
1,8,3,6,4,396.38
1,8,3,6,6,397.83
1,8,3,6,7,407.28
1,8,3,6,8,571.42
1,8,3,7,1,400.67
1,8,3,7,2,413.12
1,8,3,7,3,403.14
1,8,3,7,4,400.2
1,8,3,7,7,403.04
1,8,3,7,8,442.19
1,8,3,8,1,406.71
1,8,3,8,2,380.39
1,8,3,8,3,409.39
1,8,3,8,4,473.77
1,8,3,8,8,489.92
1,8,4,4,4,474.53
1,8,4,4,5,580.92
1,8,4,4,6,755.59
1,8,4,4,7,437.19
1,8,4,4,8,489.92
1,8,4,5,1,426.17
1,8,4,5,2,490.84
1,8,4,5,3,400.46
1,8,4,5,4,471.59
1,8,4,5,5,432.63
1,8,4,5,6,580.92
1,8,4,5,7,442.22
1,8,4,5,8,464.74
1,8,4,6,1,404.09
1,8,4,6,2,447.83
1,8,4,6,3,394.2
1,8,4,6,4,471.59
1,8,4,6,6,751.64
1,8,4,6,7,570.5
1,8,4,6,8,540.65
1,8,4,7,1,404.91
1,8,4,7,2,480.48
1,8,4,7,3,400.57
1,8,4,7,4,432.49
1,8,4,7,7,432.5
1,8,4,7,8,464.81
1,8,4,8,1,410.4
1,8,4,8,2,650.73
1,8,4,8,3,413.43
1,8,4,8,4,473.87
1,8,4,8,8,493.52
1,8,8,1,1,410.36
1,8,8,1,2,637.07
1,8,8,1,3,409.19
1,8,8,1,4,400.06
1,8,8,1,5,411.51
1,8,8,1,6,414.56
1,8,8,1,7,418.25
1,8,8,1,8,444.6
1,8,8,2,2,641.59
1,8,8,2,3,450.98
1,8,8,2,4,541.99
1,8,8,2,5,418.88
1,8,8,2,6,518.43
1,8,8,2,7,422.01
1,8,8,2,8,727.09
1,8,8,3,3,413.29
1,8,8,3,4,400.75
1,8,8,3,5,412.18
1,8,8,3,6,412.64
1,8,8,3,7,411.39
1,8,8,3,8,442.2
1,8,8,4,4,473.91
1,8,8,4,5,449.25
1,8,8,4,6,970.96
1,8,8,4,7,442.2
1,8,8,4,8,488.58
1,8,8,8,1,411.17
1,8,8,8,2,634.04
1,8,8,8,3,411.87
1,8,8,8,4,474.53
1,8,8,8,8,2383.1
2,2,2,2,2,609.3
2,2,2,2,3,595.41
2,2,2,2,4,393.04
2,2,2,2,5,427.08
2,2,2,2,6,14104
2,2,2,2,7,404.67
2,2,2,2,8,470.12
2,2,2,3,3,589.67
2,2,2,3,4,406
2,2,2,3,5,401.13
2,2,2,3,6,542.81
2,2,2,3,7,416.41
2,2,2,3,8,450.81
2,2,2,4,4,474.57
2,2,2,4,5,419.94
2,2,2,4,6,483.98
2,2,2,4,7,433.72
2,2,2,4,8,461.57
2,2,2,5,1,417.96
2,2,2,5,2,427.4
2,2,2,5,3,414.99
2,2,2,5,4,398.45
2,2,2,5,5,427
2,2,2,5,6,399.91
2,2,2,5,7,407.49
2,2,2,5,8,580.92
2,2,2,6,1,576.66
2,2,2,6,2,581.12
2,2,2,6,3,506.07
2,2,2,6,4,446.2
2,2,2,6,6,548.11
2,2,2,6,7,403.65
2,2,2,6,8,765.85
2,2,2,7,1,414.37
2,2,2,7,2,426.23
2,2,2,7,3,404.17
2,2,2,7,4,402.9
2,2,2,7,7,413.34
2,2,2,7,8,580.92
2,2,2,8,1,409.61
2,2,2,8,2,473.38
2,2,2,8,3,438.02
2,2,2,8,4,455.53
2,2,2,8,8,526.08
2,2,3,3,3,406.56
2,2,3,3,4,402.44
2,2,3,3,5,418.9
2,2,3,3,6,454.66
2,2,3,3,7,418.98
2,2,3,3,8,448.96
2,2,3,4,4,387.13
2,2,3,4,5,409.69
2,2,3,4,6,394
2,2,3,4,7,396.97
2,2,3,4,8,474.15
2,2,3,5,1,418.48
2,2,3,5,2,435.4
2,2,3,5,3,408.78
2,2,3,5,4,396.18
2,2,3,5,5,400.16
2,2,3,5,6,400.16
2,2,3,5,7,418.55
2,2,3,5,8,580.92
2,2,3,6,1,527.32
2,2,3,6,2,487.33
2,2,3,6,3,470.3
2,2,3,6,4,438.56
2,2,3,6,6,456.24
2,2,3,6,7,325.74
2,2,3,6,8,759.63
2,2,3,7,1,414.23
2,2,3,7,2,414.32
2,2,3,7,3,413.18
2,2,3,7,4,397.45
2,2,3,7,7,415.37
2,2,3,7,8,580.07
2,2,3,8,1,405.5
2,2,3,8,2,492.05
2,2,3,8,3,410.88
2,2,3,8,4,453.79
2,2,3,8,8,461.83
2,2,4,4,4,474.54
2,2,4,4,5,411.97
2,2,4,4,6,527.89
2,2,4,4,7,409.01
2,2,4,4,8,460.9
2,2,4,5,1,409.21
2,2,4,5,2,416.17
2,2,4,5,3,410.25
2,2,4,5,4,400.78
2,2,4,5,5,411.98
2,2,4,5,6,444.79
2,2,4,5,7,418.3
2,2,4,5,8,750.75
2,2,4,6,1,440.64
2,2,4,6,2,36196
2,2,4,6,3,436.55
2,2,4,6,4,444.76
2,2,4,6,6,975.05
2,2,4,6,7,444.27
2,2,4,6,8,728.64
2,2,4,7,1,399.84
2,2,4,7,2,406.38
2,2,4,7,3,392.59
2,2,4,7,4,397.17
2,2,4,7,7,414.14
2,2,4,7,8,580.85
2,2,4,8,1,427.99
2,2,4,8,2,469.61
2,2,4,8,3,415.15
2,2,4,8,4,473.87
2,2,4,8,8,2.8165e+05
2,2,5,1,1,407.95
2,2,5,1,2,476.53
2,2,5,1,3,409.88
2,2,5,1,4,395.57
2,2,5,1,5,417.99
2,2,5,1,6,408.79
2,2,5,1,7,402.75
2,2,5,1,8,580.92
2,2,5,2,2,608.87
2,2,5,2,3,423.74
2,2,5,2,4,392.29
2,2,5,2,5,396.31
2,2,5,2,6,567.01
2,2,5,2,7,433.82
2,2,5,2,8,468.65
2,2,5,3,3,410.99
2,2,5,3,4,400.66
2,2,5,3,5,408.26
2,2,5,3,6,413.76
2,2,5,3,7,399.42
2,2,5,3,8,580.92
2,2,5,4,4,398.45
2,2,5,4,5,404.14
2,2,5,4,6,455.38
2,2,5,4,7,399.57
2,2,5,4,8,475.13
2,2,5,5,1,427.08
2,2,5,5,2,488.59
2,2,5,5,3,403.38
2,2,5,5,4,398.45
2,2,5,5,5,428.25
2,2,5,5,6,436.22
2,2,5,5,7,412.17
2,2,5,5,8,580.92
2,2,5,6,1,420.52
2,2,5,6,2,489.35
2,2,5,6,3,404.91
2,2,5,6,4,398.76
2,2,5,6,6,424.58
2,2,5,6,7,437.48
2,2,5,6,8,468.96
2,2,5,7,1,416.45
2,2,5,7,2,490.09
2,2,5,7,3,415.02
2,2,5,7,4,398.47
2,2,5,7,7,411.38
2,2,5,7,8,580.92
2,2,5,8,1,414.16
2,2,5,8,2,542.16
2,2,5,8,3,413.1
2,2,5,8,4,471.59
2,2,5,8,8,519.57
2,2,6,1,1,3018.7
2,2,6,1,2,764.4
2,2,6,1,3,551.31
2,2,6,1,4,461.93
2,2,6,1,5,424.49
2,2,6,1,6,994.68
2,2,6,1,7,446.45
2,2,6,1,8,751.58
2,2,6,2,2,2073
2,2,6,2,3,475.21
2,2,6,2,4,456.62
2,2,6,2,5,479.84
2,2,6,2,6,1424.9
2,2,6,2,7,398.38
2,2,6,2,8,23568
2,2,6,3,3,586.81
2,2,6,3,4,416.61
2,2,6,3,5,444.81
2,2,6,3,6,497.58
2,2,6,3,7,415.06
2,2,6,3,8,597.83
2,2,6,4,4,476.32
2,2,6,4,5,417.4
2,2,6,4,6,454.82
2,2,6,4,7,409.26
2,2,6,4,8,705.68
2,2,6,6,1,580.54
2,2,6,6,2,6104.4
2,2,6,6,3,427.4
2,2,6,6,4,412.79
2,2,6,6,6,595.63
2,2,6,6,7,484.6
2,2,6,6,8,866.82
2,2,6,7,1,414.54
2,2,6,7,2,500.83
2,2,6,7,3,396.87
2,2,6,7,4,439.63
2,2,6,7,7,410.03
2,2,6,7,8,562.05
2,2,6,8,1,455.15
2,2,6,8,2,8698.7
2,2,6,8,3,721.01
2,2,6,8,4,704.79
2,2,6,8,8,1153.7
2,2,7,1,1,400.31
2,2,7,1,2,411.27
2,2,7,1,3,408.73
2,2,7,1,4,392.73
2,2,7,1,5,406.84
2,2,7,1,6,305.65
2,2,7,1,7,427.87
2,2,7,1,8,458.1
2,2,7,2,2,538.85
2,2,7,2,3,504.95
2,2,7,2,4,399.51
2,2,7,2,5,415.42
2,2,7,2,6,511.86
2,2,7,2,7,415.38
2,2,7,2,8,448.58
2,2,7,3,3,410.7
2,2,7,3,4,400.73
2,2,7,3,5,407.41
2,2,7,3,6,415.12
2,2,7,3,7,428.25
2,2,7,3,8,580.92
2,2,7,4,4,398.63
2,2,7,4,5,417.91
2,2,7,4,6,455.79
2,2,7,4,7,402.57
2,2,7,4,8,429.94
2,2,7,7,1,413.45
2,2,7,7,2,521.42
2,2,7,7,3,415.03
2,2,7,7,4,398.57
2,2,7,7,7,428.28
2,2,7,7,8,580.92
2,2,7,8,1,412.78
2,2,7,8,2,379.09
2,2,7,8,3,409.65
2,2,7,8,4,471.59
2,2,7,8,8,467.27
2,2,8,1,1,468.49
2,2,8,1,2,459.08
2,2,8,1,3,408.79
2,2,8,1,4,459.67
2,2,8,1,5,404.48
2,2,8,1,6,478.75
2,2,8,1,7,410.89
2,2,8,1,8,851.39
2,2,8,2,2,499.5
2,2,8,2,3,413.6
2,2,8,2,4,1736.5
2,2,8,2,5,420.16
2,2,8,2,6,608.55
2,2,8,2,7,402.91
2,2,8,2,8,45392
2,2,8,3,3,465.79
2,2,8,3,4,436.39
2,2,8,3,5,403.76
2,2,8,3,6,516.35
2,2,8,3,7,404.18
2,2,8,3,8,447.7
2,2,8,4,4,463.88
2,2,8,4,5,448.58
2,2,8,4,6,729.9
2,2,8,4,7,580.92
2,2,8,4,8,525.58
2,2,8,8,1,462.77
2,2,8,8,2,528.65
2,2,8,8,3,517.86
2,2,8,8,4,521.02
2,2,8,8,8,2.8282e+05
2,3,3,3,3,457.96
2,3,3,3,4,389.32
2,3,3,3,5,418.75
2,3,3,3,6,480.15
2,3,3,3,7,417.63
2,3,3,3,8,439.31
2,3,3,4,4,391.91
2,3,3,4,5,412.37
2,3,3,4,6,423.53
2,3,3,4,7,408.61
2,3,3,4,8,446.37
2,3,3,5,1,419.15
2,3,3,5,2,428.78
2,3,3,5,3,402.48
2,3,3,5,4,396.47
2,3,3,5,5,418.86
2,3,3,5,6,422.1
2,3,3,5,7,419.31
2,3,3,5,8,442.85
2,3,3,6,1,478.58
2,3,3,6,2,502.98
2,3,3,6,3,485.95
2,3,3,6,4,365.06
2,3,3,6,6,485.99
2,3,3,6,7,410.61
2,3,3,6,8,759.21
2,3,3,7,1,415.2
2,3,3,7,2,425.35
2,3,3,7,3,409.04
2,3,3,7,4,399.24
2,3,3,7,7,421.75
2,3,3,7,8,462.34
2,3,3,8,1,415.82
2,3,3,8,2,494.87
2,3,3,8,3,406.36
2,3,3,8,4,433.82
2,3,3,8,8,498.4
2,3,4,4,4,406.17
2,3,4,4,5,410.36
2,3,4,4,6,444.69
2,3,4,4,7,414.49
2,3,4,4,8,471.95
2,3,4,5,1,409.91
2,3,4,5,2,413.79
2,3,4,5,3,411.29
2,3,4,5,4,399.26
2,3,4,5,5,413.77
2,3,4,5,6,396.82
2,3,4,5,7,411.64
2,3,4,5,8,580.92
2,3,4,6,1,388.38
2,3,4,6,2,462.04
2,3,4,6,3,386.34
2,3,4,6,4,429.5
2,3,4,6,6,430.72
2,3,4,6,7,405.02
2,3,4,6,8,791.89
2,3,4,7,1,407.67
2,3,4,7,2,403.33
2,3,4,7,3,412.5
2,3,4,7,4,396.78
2,3,4,7,7,401.67
2,3,4,7,8,567.5
2,3,4,8,1,414.53
2,3,4,8,2,492.3
2,3,4,8,3,414.76
2,3,4,8,4,477.51
2,3,4,8,8,489.18
2,3,5,1,1,419.83
2,3,5,1,2,524.28
2,3,5,1,3,404.83
2,3,5,1,4,396.17
2,3,5,1,5,418.21
2,3,5,1,6,378.92
2,3,5,1,7,418.62
2,3,5,1,8,580.92
2,3,5,2,2,475.02
2,3,5,2,3,410.55
2,3,5,2,4,398.76
2,3,5,2,5,413.18
2,3,5,2,6,502.7
2,3,5,2,7,417.87
2,3,5,2,8,473.68
2,3,5,3,3,414.99
2,3,5,3,4,396.29
2,3,5,3,5,418.92
2,3,5,3,6,345.85
2,3,5,3,7,418.87
2,3,5,3,8,442.59
2,3,5,4,4,400.74
2,3,5,4,5,412.13
2,3,5,4,6,459.71
2,3,5,4,7,396.6
2,3,5,4,8,580.92
2,3,5,5,1,418.43
2,3,5,5,2,408.35
2,3,5,5,3,401.84
2,3,5,5,4,396.52
2,3,5,5,5,419.59
2,3,5,5,6,428.39
2,3,5,5,7,420.96
2,3,5,5,8,466.11
2,3,5,6,1,415.53
2,3,5,6,2,468.95
2,3,5,6,3,405.87
2,3,5,6,4,388.8
2,3,5,6,6,433.21
2,3,5,6,7,405.31
2,3,5,6,8,557.77
2,3,5,7,1,419.06
2,3,5,7,2,495.39
2,3,5,7,3,400.69
2,3,5,7,4,396.65
2,3,5,7,7,421.1
2,3,5,7,8,540.93
2,3,5,8,1,403.63
2,3,5,8,2,541.14
2,3,5,8,3,405.36
2,3,5,8,4,471.59
2,3,5,8,8,466.98
2,3,6,1,1,562.66
2,3,6,1,2,508.11
2,3,6,1,3,476.1
2,3,6,1,4,364.09
2,3,6,1,5,421.6
2,3,6,1,6,508.8
2,3,6,1,7,438.6
2,3,6,1,8,758.35
2,3,6,2,2,511.64
2,3,6,2,3,424.23
2,3,6,2,4,420.24
2,3,6,2,5,426.29
2,3,6,2,6,615.66
2,3,6,2,7,418.73
2,3,6,2,8,755.73
2,3,6,3,3,441.58
2,3,6,3,4,366.53
2,3,6,3,5,414.89
2,3,6,3,6,501.61
2,3,6,3,7,423.27
2,3,6,3,8,478.49
2,3,6,4,4,425.63
2,3,6,4,5,413.14
2,3,6,4,6,428.12
2,3,6,4,7,399.41
2,3,6,4,8,769.24
2,3,6,6,1,505.48
2,3,6,6,2,495.99
2,3,6,6,3,480.02
2,3,6,6,4,439.7
2,3,6,6,6,489.93
2,3,6,6,7,473
2,3,6,6,8,762.57
2,3,6,7,1,403.04
2,3,6,7,2,532.65
2,3,6,7,3,397.95
2,3,6,7,4,398.08
2,3,6,7,7,429.19
2,3,6,7,8,444.47
2,3,6,8,1,414.72
2,3,6,8,2,550.49
2,3,6,8,3,402.81
2,3,6,8,4,758.89
2,3,6,8,8,488.57
2,3,7,1,1,373.57
2,3,7,1,2,436.68
2,3,7,1,3,399.55
2,3,7,1,4,391.91
2,3,7,1,5,419.05
2,3,7,1,6,417.05
2,3,7,1,7,420.88
2,3,7,1,8,580.92
2,3,7,2,2,405.72
2,3,7,2,3,429.57
2,3,7,2,4,387.41
2,3,7,2,5,408.93
2,3,7,2,6,400.95
2,3,7,2,7,418.25
2,3,7,2,8,490.32
2,3,7,3,3,408.2
2,3,7,3,4,393.22
2,3,7,3,5,418.38
2,3,7,3,6,411.31
2,3,7,3,7,421.04
2,3,7,3,8,449.33
2,3,7,4,4,401.38
2,3,7,4,5,404.76
2,3,7,4,6,459.76
2,3,7,4,7,399.47
2,3,7,4,8,580.92
2,3,7,7,1,419
2,3,7,7,2,425.73
2,3,7,7,3,406.25
2,3,7,7,4,396.07
2,3,7,7,7,420.44
2,3,7,7,8,452.56
2,3,7,8,1,407.22
2,3,7,8,2,498.42
2,3,7,8,3,403.35
2,3,7,8,4,471.59
2,3,7,8,8,467.18
2,3,8,1,1,408.26
2,3,8,1,2,390.7
2,3,8,1,3,412.92
2,3,8,1,4,405.01
2,3,8,1,5,403.92
2,3,8,1,6,422.92
2,3,8,1,7,412.26
2,3,8,1,8,454.84
2,3,8,2,2,482.62
2,3,8,2,3,390.85
2,3,8,2,4,506.77
2,3,8,2,5,418.91
2,3,8,2,6,416.14
2,3,8,2,7,415.51
2,3,8,2,8,490.34
2,3,8,3,3,399.91
2,3,8,3,4,411.3
2,3,8,3,5,409.73
2,3,8,3,6,418.47
2,3,8,3,7,402.66
2,3,8,3,8,442.33
2,3,8,4,4,470.28
2,3,8,4,5,514.71
2,3,8,4,6,580.92
2,3,8,4,7,580.92
2,3,8,4,8,489.61
2,3,8,8,1,419.58
2,3,8,8,2,688.06
2,3,8,8,3,419.8
2,3,8,8,4,474.37
2,3,8,8,8,516.06
2,4,4,4,4,470.21
2,4,4,4,5,412.41
2,4,4,4,6,477.35
2,4,4,4,7,416.05
2,4,4,4,8,483.5
2,4,4,5,1,419.48
2,4,4,5,2,402.77
2,4,4,5,3,414.85
2,4,4,5,4,402.93
2,4,4,5,5,419.94
2,4,4,5,6,486.69
2,4,4,5,7,414.47
2,4,4,5,8,793.23
2,4,4,6,1,460.38
2,4,4,6,2,486.22
2,4,4,6,3,454.75
2,4,4,6,4,2250
2,4,4,6,6,1440.5
2,4,4,6,7,450.42
2,4,4,6,8,764.81
2,4,4,7,1,410.86
2,4,4,7,2,446
2,4,4,7,3,402.48
2,4,4,7,4,397.56
2,4,4,7,7,419.34
2,4,4,7,8,831.89
2,4,4,8,1,463.23
2,4,4,8,2,579.23
2,4,4,8,3,424.37
2,4,4,8,4,483.45
2,4,4,8,8,2.8204e+05
2,4,5,1,1,414.12
2,4,5,1,2,423.19
2,4,5,1,3,412.92
2,4,5,1,4,398.95
2,4,5,1,5,413.37
2,4,5,1,6,409.2
2,4,5,1,7,410.2
2,4,5,1,8,794.31
2,4,5,2,2,410.63
2,4,5,2,3,431.25
2,4,5,2,4,386.1
2,4,5,2,5,412.87
2,4,5,2,6,480.7
2,4,5,2,7,416.95
2,4,5,2,8,457.58
2,4,5,3,3,412.34
2,4,5,3,4,400.66
2,4,5,3,5,413.86
2,4,5,3,6,393.95
2,4,5,3,7,411.07
2,4,5,3,8,427.23
2,4,5,4,4,396.74
2,4,5,4,5,412.15
2,4,5,4,6,473.25
2,4,5,4,7,409.43
2,4,5,4,8,580.92
2,4,5,5,1,410.87
2,4,5,5,2,427.72
2,4,5,5,3,410.28
2,4,5,5,4,396.81
2,4,5,5,5,419.94
2,4,5,5,6,418.61
2,4,5,5,7,414.79
2,4,5,5,8,636.8
2,4,5,6,1,402.22
2,4,5,6,2,429.38
2,4,5,6,3,413.69
2,4,5,6,4,396.75
2,4,5,6,6,493.3
2,4,5,6,7,391.52
2,4,5,6,8,580.92
2,4,5,7,1,401.68
2,4,5,7,2,419.72
2,4,5,7,3,413.31
2,4,5,7,4,400.95
2,4,5,7,7,414.28
2,4,5,7,8,555.32
2,4,5,8,1,422.88
2,4,5,8,2,519.52
2,4,5,8,3,414.72
2,4,5,8,4,471.59
2,4,5,8,8,491.78
2,4,6,1,1,462.33
2,4,6,1,2,656.78
2,4,6,1,3,399.42
2,4,6,1,4,425.41
2,4,6,1,5,405.42
2,4,6,1,6,507.37
2,4,6,1,7,410.1
2,4,6,1,8,768.41
2,4,6,2,2,6717.8
2,4,6,2,3,404.56
2,4,6,2,4,45035
2,4,6,2,5,406.12
2,4,6,2,6,699.24
2,4,6,2,7,388.12
2,4,6,2,8,65387
2,4,6,3,3,435.88
2,4,6,3,4,441.89
2,4,6,3,5,386.84
2,4,6,3,6,593.86
2,4,6,3,7,402.36
2,4,6,3,8,489.33
2,4,6,4,4,60256
2,4,6,4,5,414.85
2,4,6,4,6,564.93
2,4,6,4,7,393.41
2,4,6,4,8,812.3
2,4,6,6,1,437.29
2,4,6,6,2,587.6
2,4,6,6,3,452.66
2,4,6,6,4,591.36
2,4,6,6,6,560.28
2,4,6,6,7,368.28
2,4,6,6,8,3021
2,4,6,7,1,393.28
2,4,6,7,2,440.19
2,4,6,7,3,408.69
2,4,6,7,4,441.52
2,4,6,7,7,404.52
2,4,6,7,8,755.96
2,4,6,8,1,626.39
2,4,6,8,2,756.56
2,4,6,8,3,595.38
2,4,6,8,4,1756.1
2,4,6,8,8,2.3771e+05
2,4,7,1,1,415.13
2,4,7,1,2,421.57
2,4,7,1,3,417.38
2,4,7,1,4,400.03
2,4,7,1,5,410.96
2,4,7,1,6,398.59
2,4,7,1,7,410.12
2,4,7,1,8,764.61
2,4,7,2,2,410
2,4,7,2,3,415.4
2,4,7,2,4,403.24
2,4,7,2,5,412.04
2,4,7,2,6,429.1
2,4,7,2,7,411.65
2,4,7,2,8,465.7
2,4,7,3,3,415.94
2,4,7,3,4,401.05
2,4,7,3,5,411.87
2,4,7,3,6,407.43
2,4,7,3,7,411.79
2,4,7,3,8,778.85
2,4,7,4,4,401.07
2,4,7,4,5,399
2,4,7,4,6,404.4
2,4,7,4,7,401.43
2,4,7,4,8,445.03
2,4,7,7,1,413.14
2,4,7,7,2,422.67
2,4,7,7,3,413.49
2,4,7,7,4,400.69
2,4,7,7,7,406.62
2,4,7,7,8,580.92
2,4,7,8,1,420.03
2,4,7,8,2,437.32
2,4,7,8,3,405.46
2,4,7,8,4,424.68
2,4,7,8,8,476.52
2,4,8,1,1,428.63
2,4,8,1,2,420.81
2,4,8,1,3,465.76
2,4,8,1,4,419.59
2,4,8,1,5,415.29
2,4,8,1,6,518.65
2,4,8,1,7,415.77
2,4,8,1,8,523.01
2,4,8,2,2,483.59
2,4,8,2,3,439.47
2,4,8,2,4,482.47
2,4,8,2,5,417.09
2,4,8,2,6,664.67
2,4,8,2,7,415.79
2,4,8,2,8,2.6272e+05
2,4,8,3,3,406.72
2,4,8,3,4,433.52
2,4,8,3,5,393.37
2,4,8,3,6,510.16
2,4,8,3,7,384.31
2,4,8,3,8,442.2
2,4,8,4,4,472.73
2,4,8,4,5,580.92
2,4,8,4,6,11631
2,4,8,4,7,771.1
2,4,8,4,8,562.03
2,4,8,8,1,525.12
2,4,8,8,2,2.6275e+05
2,4,8,8,3,480.76
2,4,8,8,4,2.7021e+05
2,4,8,8,8,2.847e+05
2,6,1,1,1,478.79
2,6,1,1,2,495.04
2,6,1,1,3,417.94
2,6,1,1,4,393.91
2,6,1,1,5,394.11
2,6,1,1,6,478.54
2,6,1,1,7,422.39
2,6,1,1,8,455.15
2,6,1,2,2,609.97
2,6,1,2,3,589.81
2,6,1,2,4,391.61
2,6,1,2,5,413.27
2,6,1,2,6,580.34
2,6,1,2,7,426.18
2,6,1,2,8,471.54
2,6,1,3,3,535.15
2,6,1,3,4,385.07
2,6,1,3,5,406.16
2,6,1,3,6,491.92
2,6,1,3,7,412.29
2,6,1,3,8,439.05
2,6,1,4,4,404.38
2,6,1,4,5,412.3
2,6,1,4,6,405.29
2,6,1,4,7,403.58
2,6,1,4,8,473.29
2,6,1,5,1,422.27
2,6,1,5,2,420.85
2,6,1,5,3,413
2,6,1,5,4,395.5
2,6,1,5,5,422.26
2,6,1,5,6,430.53
2,6,1,5,7,423.04
2,6,1,5,8,580.92
2,6,1,6,1,495.44
2,6,1,6,2,554.87
2,6,1,6,3,453.9
2,6,1,6,4,404.33
2,6,1,6,6,502.71
2,6,1,6,7,457.8
2,6,1,6,8,750.5
2,6,1,7,1,408.19
2,6,1,7,2,517.16
2,6,1,7,3,421.89
2,6,1,7,4,390.27
2,6,1,7,7,418.82
2,6,1,7,8,580.92
2,6,1,8,1,423.64
2,6,1,8,2,453.15
2,6,1,8,3,445.2
2,6,1,8,4,432.43
2,6,1,8,8,471.28
2,6,2,2,2,1628.1
2,6,2,2,3,485.34
2,6,2,2,4,475.53
2,6,2,2,5,432.51
2,6,2,2,6,82013
2,6,2,2,7,418
2,6,2,2,8,484.81
2,6,2,3,3,486.78
2,6,2,3,4,376.97
2,6,2,3,5,393.29
2,6,2,3,6,523.97
2,6,2,3,7,446.77
2,6,2,3,8,758.94
2,6,2,4,4,450.63
2,6,2,4,5,412.93
2,6,2,4,6,32416
2,6,2,4,7,429.5
2,6,2,4,8,510.82
2,6,2,5,1,406.41
2,6,2,5,2,609.03
2,6,2,5,3,424.36
2,6,2,5,4,398.47
2,6,2,5,5,447.06
2,6,2,5,6,445.94
2,6,2,5,7,399.56
2,6,2,5,8,433.02
2,6,2,6,1,3192.8
2,6,2,6,2,24573
2,6,2,6,3,683.12
2,6,2,6,4,13878
2,6,2,6,6,15877
2,6,2,6,7,490.36
2,6,2,6,8,762.35
2,6,2,7,1,407.49
2,6,2,7,2,427.56
2,6,2,7,3,398.75
2,6,2,7,4,362.71
2,6,2,7,7,402.61
2,6,2,7,8,419.42
2,6,2,8,1,781.07
2,6,2,8,2,1.2639e+05
2,6,2,8,3,434.88
2,6,2,8,4,9768.8
2,6,2,8,8,571.33
2,6,3,3,3,472.87
2,6,3,3,4,397.61
2,6,3,3,5,415.69
2,6,3,3,6,478.44
2,6,3,3,7,417.75
2,6,3,3,8,432.6
2,6,3,4,4,397.63
2,6,3,4,5,410.67
2,6,3,4,6,443.89
2,6,3,4,7,406.88
2,6,3,4,8,476.3
2,6,3,5,1,419.62
2,6,3,5,2,395.89
2,6,3,5,3,408.82
2,6,3,5,4,396.19
2,6,3,5,5,381.33
2,6,3,5,6,430.8
2,6,3,5,7,419.75
2,6,3,5,8,580.92
2,6,3,6,1,489.14
2,6,3,6,2,447.15
2,6,3,6,3,479.68
2,6,3,6,4,414.35
2,6,3,6,6,479.4
2,6,3,6,7,424.83
2,6,3,6,8,754.48
2,6,3,7,1,416.77
2,6,3,7,2,411.54
2,6,3,7,3,402.27
2,6,3,7,4,394.82
2,6,3,7,7,419.97
2,6,3,7,8,580.92
2,6,3,8,1,425.86
2,6,3,8,2,524.57
2,6,3,8,3,409.4
2,6,3,8,4,455.81
2,6,3,8,8,465.18
2,6,4,4,4,433.29
2,6,4,4,5,419.96
2,6,4,4,6,397.68
2,6,4,4,7,426.59
2,6,4,4,8,477.8
2,6,4,5,1,412.4
2,6,4,5,2,433.53
2,6,4,5,3,411.39
2,6,4,5,4,401.68
2,6,4,5,5,420.15
2,6,4,5,6,455.57
2,6,4,5,7,421.19
2,6,4,5,8,449.24
2,6,4,6,1,473.5
2,6,4,6,2,472.7
2,6,4,6,3,420.81
2,6,4,6,4,401.26
2,6,4,6,6,512.58
2,6,4,6,7,442.64
2,6,4,6,8,813.73
2,6,4,7,1,412.29
2,6,4,7,2,373.46
2,6,4,7,3,415.51
2,6,4,7,4,433.15
2,6,4,7,7,417.82
2,6,4,7,8,457.81
2,6,4,8,1,462.08
2,6,4,8,2,492.69
2,6,4,8,3,450.76
2,6,4,8,4,476.93
2,6,4,8,8,528.95
2,6,6,1,1,609.59
2,6,6,1,2,542.01
2,6,6,1,3,556.44
2,6,6,1,4,395.07
2,6,6,1,5,422.26
2,6,6,1,6,424.79
2,6,6,1,7,422.46
2,6,6,1,8,503.34
2,6,6,2,2,513.41
2,6,6,2,3,451.29
2,6,6,2,4,404.11
2,6,6,2,5,427.03
2,6,6,2,6,11986
2,6,6,2,7,415.23
2,6,6,2,8,488.51
2,6,6,3,3,461.04
2,6,6,3,4,403.16
2,6,6,3,5,412.13
2,6,6,3,6,443.36
2,6,6,3,7,408.72
2,6,6,3,8,606.09
2,6,6,4,4,475.09
2,6,6,4,5,396.97
2,6,6,4,6,3708.1
2,6,6,4,7,384.79
2,6,6,4,8,516.2
2,6,6,6,1,454.72
2,6,6,6,2,2553.3
2,6,6,6,3,421.61
2,6,6,6,4,460.45
2,6,6,6,6,485.25
2,6,6,6,7,521.17
2,6,6,6,8,603.42
2,6,6,7,1,417.65
2,6,6,7,2,499.22
2,6,6,7,3,410.23
2,6,6,7,4,428.78
2,6,6,7,7,490.1
2,6,6,7,8,444.33
2,6,6,8,1,435.88
2,6,6,8,2,767.26
2,6,6,8,3,398.7
2,6,6,8,4,519.96
2,6,6,8,8,1217.9
2,6,7,1,1,403.46
2,6,7,1,2,477.4
2,6,7,1,3,465.99
2,6,7,1,4,413.77
2,6,7,1,5,423.24
2,6,7,1,6,439.77
2,6,7,1,7,404.5
2,6,7,1,8,449.24
2,6,7,2,2,442.65
2,6,7,2,3,533.13
2,6,7,2,4,407.6
2,6,7,2,5,443.19
2,6,7,2,6,521.41
2,6,7,2,7,402.71
2,6,7,2,8,492.09
2,6,7,3,3,404.16
2,6,7,3,4,397.57
2,6,7,3,5,416.33
2,6,7,3,6,415.11
2,6,7,3,7,414.4
2,6,7,3,8,446.37
2,6,7,4,4,456.02
2,6,7,4,5,418.08
2,6,7,4,6,458.25
2,6,7,4,7,401.46
2,6,7,4,8,580.92
2,6,7,7,1,418.22
2,6,7,7,2,514.43
2,6,7,7,3,415.06
2,6,7,7,4,402.28
2,6,7,7,7,482.02
2,6,7,7,8,580.92
2,6,7,8,1,419.21
2,6,7,8,2,512.27
2,6,7,8,3,411.84
2,6,7,8,4,433.88
2,6,7,8,8,484.97
2,6,8,1,1,474.26
2,6,8,1,2,429.36
2,6,8,1,3,400.64
2,6,8,1,4,414.59
2,6,8,1,5,415.34
2,6,8,1,6,503.44
2,6,8,1,7,412.37
2,6,8,1,8,535.55
2,6,8,2,2,447.96
2,6,8,2,3,417.97
2,6,8,2,4,473.89
2,6,8,2,5,431.55
2,6,8,2,6,1016.2
2,6,8,2,7,404.59
2,6,8,2,8,513.48
2,6,8,3,3,413.76
2,6,8,3,4,408.87
2,6,8,3,5,408.46
2,6,8,3,6,561.61
2,6,8,3,7,409.86
2,6,8,3,8,464.33
2,6,8,4,4,468.59
2,6,8,4,5,580.92
2,6,8,4,6,733.58
2,6,8,4,7,442.19
2,6,8,4,8,523.57
2,6,8,8,1,530.82
2,6,8,8,2,516.7
2,6,8,8,3,525.85
2,6,8,8,4,504.3
2,6,8,8,8,2.7391e+05
2,7,1,1,1,422.78
2,7,1,1,2,542.61
2,7,1,1,3,413.48
2,7,1,1,4,400.77
2,7,1,1,5,424.37
2,7,1,1,6,407.56
2,7,1,1,7,410.58
2,7,1,1,8,437.29
2,7,1,2,2,418.33
2,7,1,2,3,514.36
2,7,1,2,4,405.41
2,7,1,2,5,423.28
2,7,1,2,6,400.68
2,7,1,2,7,419.1
2,7,1,2,8,433.51
2,7,1,3,3,414.7
2,7,1,3,4,401.66
2,7,1,3,5,404.58
2,7,1,3,6,369.35
2,7,1,3,7,402.85
2,7,1,3,8,538.52
2,7,1,4,4,396.77
2,7,1,4,5,411.03
2,7,1,4,6,450.29
2,7,1,4,7,397.55
2,7,1,4,8,452.1
2,7,1,5,1,421.34
2,7,1,5,2,441.45
2,7,1,5,3,399.91
2,7,1,5,4,395.57
2,7,1,5,5,422.57
2,7,1,5,6,417.07
2,7,1,5,7,407.27
2,7,1,5,8,459.85
2,7,1,6,1,396.63
2,7,1,6,2,492.58
2,7,1,6,3,413.73
2,7,1,6,4,389.66
2,7,1,6,6,393.24
2,7,1,6,7,415.97
2,7,1,6,8,580.92
2,7,1,7,1,415.57
2,7,1,7,2,429.47
2,7,1,7,3,402.64
2,7,1,7,4,396.56
2,7,1,7,7,412.88
2,7,1,7,8,580.92
2,7,1,8,1,402.7
2,7,1,8,2,481.26
2,7,1,8,3,411.29
2,7,1,8,4,432.44
2,7,1,8,8,456.42
2,7,2,2,2,405.33
2,7,2,2,3,451.91
2,7,2,2,4,400.63
2,7,2,2,5,414.94
2,7,2,2,6,514.99
2,7,2,2,7,457.31
2,7,2,2,8,541.09
2,7,2,3,3,521.03
2,7,2,3,4,400.27
2,7,2,3,5,406.6
2,7,2,3,6,510.15
2,7,2,3,7,416.07
2,7,2,3,8,432.52
2,7,2,4,4,403.59
2,7,2,4,5,413.65
2,7,2,4,6,446.61
2,7,2,4,7,404.07
2,7,2,4,8,586.19
2,7,2,5,1,390.47
2,7,2,5,2,433.31
2,7,2,5,3,406.15
2,7,2,5,4,398.45
2,7,2,5,5,381.83
2,7,2,5,6,429.34
2,7,2,5,7,418.03
2,7,2,5,8,449.88
2,7,2,6,1,479.18
2,7,2,6,2,542.18
2,7,2,6,3,509.29
2,7,2,6,4,455.39
2,7,2,6,6,505.08
2,7,2,6,7,413.97
2,7,2,6,8,753.6
2,7,2,7,1,419.27
2,7,2,7,2,414.07
2,7,2,7,3,417.6
2,7,2,7,4,394.94
2,7,2,7,7,420.01
2,7,2,7,8,580.92
2,7,2,8,1,409
2,7,2,8,2,434.33
2,7,2,8,3,413.97
2,7,2,8,4,481.62
2,7,2,8,8,524.94
2,7,3,3,3,410.3
2,7,3,3,4,402.58
2,7,3,3,5,408.55
2,7,3,3,6,431.75
2,7,3,3,7,407.74
2,7,3,3,8,461.71
2,7,3,4,4,398.81
2,7,3,4,5,418.18
2,7,3,4,6,446.4
2,7,3,4,7,395.85
2,7,3,4,8,442.22
2,7,3,5,1,401.96
2,7,3,5,2,420.74
2,7,3,5,3,395.08
2,7,3,5,4,397.1
2,7,3,5,5,398.07
2,7,3,5,6,402.29
2,7,3,5,7,403.13
2,7,3,5,8,442.75
2,7,3,6,1,404.2
2,7,3,6,2,451.46
2,7,3,6,3,407.56
2,7,3,6,4,400.76
2,7,3,6,6,412.6
2,7,3,6,7,409.7
2,7,3,6,8,467.83
2,7,3,7,1,404.4
2,7,3,7,2,435.47
2,7,3,7,3,403.36
2,7,3,7,4,401.51
2,7,3,7,7,405.48
2,7,3,7,8,580.92
2,7,3,8,1,402.07
2,7,3,8,2,427.03
2,7,3,8,3,400.69
2,7,3,8,4,440
2,7,3,8,8,467.38
2,7,4,4,4,398.53
2,7,4,4,5,415.2
2,7,4,4,6,446.54
2,7,4,4,7,405.59
2,7,4,4,8,580.92
2,7,4,5,1,418.31
2,7,4,5,2,399.69
2,7,4,5,3,418.17
2,7,4,5,4,399.31
2,7,4,5,5,417.98
2,7,4,5,6,405.31
2,7,4,5,7,410.22
2,7,4,5,8,580.92
2,7,4,6,1,444.34
2,7,4,6,2,465.48
2,7,4,6,3,419.64
2,7,4,6,4,460.98
2,7,4,6,6,492.42
2,7,4,6,7,397.7
2,7,4,6,8,579.66
2,7,4,7,1,402.64
2,7,4,7,2,392.29
2,7,4,7,3,403.36
2,7,4,7,4,400.69
2,7,4,7,7,409.98
2,7,4,7,8,580.92
2,7,4,8,1,406.07
2,7,4,8,2,493.17
2,7,4,8,3,406.37
2,7,4,8,4,471.42
2,7,4,8,8,472
2,7,7,1,1,416.02
2,7,7,1,2,442.36
2,7,7,1,3,403.37
2,7,7,1,4,398.84
2,7,7,1,5,414.91
2,7,7,1,6,401.19
2,7,7,1,7,407.45
2,7,7,1,8,580.92
2,7,7,2,2,416.8
2,7,7,2,3,437.69
2,7,7,2,4,398.46
2,7,7,2,5,455.23
2,7,7,2,6,533.42
2,7,7,2,7,399.05
2,7,7,2,8,476.32
2,7,7,3,3,411.59
2,7,7,3,4,398.17
2,7,7,3,5,408.33
2,7,7,3,6,405.39
2,7,7,3,7,409.1
2,7,7,3,8,441.66
2,7,7,4,4,402.18
2,7,7,4,5,417.99
2,7,7,4,6,445.86
2,7,7,4,7,403.06
2,7,7,4,8,540.21
2,7,7,7,1,405.55
2,7,7,7,2,437.23
2,7,7,7,3,430.3
2,7,7,7,4,399.23
2,7,7,7,7,418.67
2,7,7,7,8,448.96
2,7,7,8,1,408.39
2,7,7,8,2,417.55
2,7,7,8,3,406.08
2,7,7,8,4,471.59
2,7,7,8,8,467.85
2,7,8,1,1,383.73
2,7,8,1,2,425.4
2,7,8,1,3,398.16
2,7,8,1,4,394.98
2,7,8,1,5,406.93
2,7,8,1,6,400.58
2,7,8,1,7,404.41
2,7,8,1,8,435.76
2,7,8,2,2,385.49
2,7,8,2,3,408.74
2,7,8,2,4,511.22
2,7,8,2,5,418.76
2,7,8,2,6,458.94
2,7,8,2,7,415
2,7,8,2,8,1003.4
2,7,8,3,3,396.23
2,7,8,3,4,394.07
2,7,8,3,5,404.41
2,7,8,3,6,415.74
2,7,8,3,7,405.31
2,7,8,3,8,442.19
2,7,8,4,4,471.59
2,7,8,4,5,432.66
2,7,8,4,6,577.42
2,7,8,4,7,580.92
2,7,8,4,8,467.23
2,7,8,8,1,423.25
2,7,8,8,2,576.72
2,7,8,8,3,408.53
2,7,8,8,4,450.28
2,7,8,8,8,480.83
2,8,1,1,1,452.84
2,8,1,1,2,430.75
2,8,1,1,3,421.99
2,8,1,1,4,411.17
2,8,1,1,5,398.7
2,8,1,1,6,444.3
2,8,1,1,7,405.36
2,8,1,1,8,758.84
2,8,1,2,2,467.37
2,8,1,2,3,400.99
2,8,1,2,4,396.7
2,8,1,2,5,409.67
2,8,1,2,6,422.81
2,8,1,2,7,409.28
2,8,1,2,8,431.55
2,8,1,3,3,406.73
2,8,1,3,4,407.45
2,8,1,3,5,402.34
2,8,1,3,6,449.82
2,8,1,3,7,373.81
2,8,1,3,8,432.42
2,8,1,4,4,405.7
2,8,1,4,5,414.07
2,8,1,4,6,497.18
2,8,1,4,7,407.73
2,8,1,4,8,447.27
2,8,1,5,1,396.51
2,8,1,5,2,427.06
2,8,1,5,3,401.68
2,8,1,5,4,399.61
2,8,1,5,5,414.16
2,8,1,5,6,412.59
2,8,1,5,7,403.33
2,8,1,5,8,449.24
2,8,1,6,1,541.11
2,8,1,6,2,762.31
2,8,1,6,3,442.75
2,8,1,6,4,514.96
2,8,1,6,6,565.9
2,8,1,6,7,414.77
2,8,1,6,8,791.51
2,8,1,7,1,383.34
2,8,1,7,2,413.49
2,8,1,7,3,410.33
2,8,1,7,4,394.89
2,8,1,7,7,409.27
2,8,1,7,8,580.92
2,8,1,8,1,506.69
2,8,1,8,2,545.26
2,8,1,8,3,462.61
2,8,1,8,4,432.4
2,8,1,8,8,470.83
2,8,2,2,2,457.79
2,8,2,2,3,433.05
2,8,2,2,4,458.59
2,8,2,2,5,408.26
2,8,2,2,6,555.93
2,8,2,2,7,407.65
2,8,2,2,8,532.59
2,8,2,3,3,423.31
2,8,2,3,4,414.93
2,8,2,3,5,395.12
2,8,2,3,6,487.92
2,8,2,3,7,389.18
2,8,2,3,8,758.74
2,8,2,4,4,477.25
2,8,2,4,5,408.59
2,8,2,4,6,6267.8
2,8,2,4,7,399.3
2,8,2,4,8,499.76
2,8,2,5,1,416.75
2,8,2,5,2,409.46
2,8,2,5,3,377.07
2,8,2,5,4,396.07
2,8,2,5,5,418.59
2,8,2,5,6,394.2
2,8,2,5,7,412.04
2,8,2,5,8,580.92
2,8,2,6,1,470.05
2,8,2,6,2,2279.7
2,8,2,6,3,467.26
2,8,2,6,4,1769
2,8,2,6,6,578.88
2,8,2,6,7,481.84
2,8,2,6,8,760.34
2,8,2,7,1,406.68
2,8,2,7,2,410.75
2,8,2,7,3,389.58
2,8,2,7,4,400.78
2,8,2,7,7,403.9
2,8,2,7,8,580.92
2,8,2,8,1,831.01
2,8,2,8,2,519.1
2,8,2,8,3,478.33
2,8,2,8,4,483.69
2,8,2,8,8,2.4201e+05
2,8,3,3,3,414.93
2,8,3,3,4,418.7
2,8,3,3,5,410.17
2,8,3,3,6,513.57
2,8,3,3,7,407.85
2,8,3,3,8,469.82
2,8,3,4,4,409.48
2,8,3,4,5,404.64
2,8,3,4,6,552.85
2,8,3,4,7,403.98
2,8,3,4,8,512.77
2,8,3,5,1,399.99
2,8,3,5,2,409.62
2,8,3,5,3,401.48
2,8,3,5,4,395.25
2,8,3,5,5,408.6
2,8,3,5,6,405.77
2,8,3,5,7,408.16
2,8,3,5,8,442.2
2,8,3,6,1,422.53
2,8,3,6,2,511.9
2,8,3,6,3,510.87
2,8,3,6,4,436.95
2,8,3,6,6,565.99
2,8,3,6,7,401.26
2,8,3,6,8,801.24
2,8,3,7,1,396.89
2,8,3,7,2,411.03
2,8,3,7,3,376.01
2,8,3,7,4,400.49
2,8,3,7,7,406.66
2,8,3,7,8,446.2
2,8,3,8,1,458.08
2,8,3,8,2,503.39
2,8,3,8,3,431.82
2,8,3,8,4,473.85
2,8,3,8,8,518.2
2,8,4,4,4,478.15
2,8,4,4,5,463.07
2,8,4,4,6,705.95
2,8,4,4,7,580.92
2,8,4,4,8,512.27
2,8,4,5,1,431.55
2,8,4,5,2,477.56
2,8,4,5,3,408.3
2,8,4,5,4,410
2,8,4,5,5,580.92
2,8,4,5,6,580.92
2,8,4,5,7,441.85
2,8,4,5,8,451.73
2,8,4,6,1,552
2,8,4,6,2,640.44
2,8,4,6,3,476.98
2,8,4,6,4,700.28
2,8,4,6,6,2284.5
2,8,4,6,7,538.36
2,8,4,6,8,1189.9
2,8,4,7,1,401.31
2,8,4,7,2,502.6
2,8,4,7,3,399.99
2,8,4,7,4,432.94
2,8,4,7,7,580.92
2,8,4,7,8,467.38
2,8,4,8,1,448.19
2,8,4,8,2,595.18
2,8,4,8,3,517.36
2,8,4,8,4,501.6
2,8,4,8,8,2.8344e+05
2,8,8,1,1,1644
2,8,8,1,2,467.88
2,8,8,1,3,487.82
2,8,8,1,4,458.29
2,8,8,1,5,412.47
2,8,8,1,6,625.9
2,8,8,1,7,419.92
2,8,8,1,8,765.35
2,8,8,2,2,707.39
2,8,8,2,3,482.63
2,8,8,2,4,522.48
2,8,8,2,5,463.41
2,8,8,2,6,898.07
2,8,8,2,7,467.68
2,8,8,2,8,2.5246e+05
2,8,8,3,3,605.3
2,8,8,3,4,433.3
2,8,8,3,5,407.68
2,8,8,3,6,661.67
2,8,8,3,7,413.68
2,8,8,3,8,473.31
2,8,8,4,4,501.36
2,8,8,4,5,473.87
2,8,8,4,6,15174
2,8,8,4,7,442.19
2,8,8,4,8,2.8307e+05
2,8,8,8,1,12719
2,8,8,8,2,2.6318e+05
2,8,8,8,3,472.25
2,8,8,8,4,2.6935e+05
2,8,8,8,8,NaN
3,3,3,3,3,415.08
3,3,3,3,4,402.94
3,3,3,3,5,412.86
3,3,3,3,6,417.22
3,3,3,3,7,412.38
3,3,3,3,8,442.19
3,3,3,4,4,402.94
3,3,3,4,5,417.99
3,3,3,4,6,448.87
3,3,3,4,7,401.35
3,3,3,4,8,442.2
3,3,3,5,1,414.94
3,3,3,5,2,478.5
3,3,3,5,3,412.82
3,3,3,5,4,400.85
3,3,3,5,5,415.08
3,3,3,5,6,430.01
3,3,3,5,7,412.13
3,3,3,5,8,442.26
3,3,3,6,1,409.24
3,3,3,6,2,398.77
3,3,3,6,3,400.02
3,3,3,6,4,400.08
3,3,3,6,6,390.77
3,3,3,6,7,418.67
3,3,3,6,8,549.8
3,3,3,7,1,408.31
3,3,3,7,2,448.88
3,3,3,7,3,410.58
3,3,3,7,4,402.37
3,3,3,7,7,412.54
3,3,3,7,8,580.92
3,3,3,8,1,405.49
3,3,3,8,2,515.07
3,3,3,8,3,401.44
3,3,3,8,4,432.45
3,3,3,8,8,467.37
3,3,4,4,4,402.94
3,3,4,4,5,417.99
3,3,4,4,6,457.75
3,3,4,4,7,403.25
3,3,4,4,8,442.23
3,3,4,5,1,417.75
3,3,4,5,2,465.72
3,3,4,5,3,417.45
3,3,4,5,4,399.31
3,3,4,5,5,417.99
3,3,4,5,6,403.53
3,3,4,5,7,406.83
3,3,4,5,8,442.23
3,3,4,6,1,400.55
3,3,4,6,2,437.86
3,3,4,6,3,452.63
3,3,4,6,4,403.38
3,3,4,6,6,495.1
3,3,4,6,7,398.78
3,3,4,6,8,775.58
3,3,4,7,1,400.14
3,3,4,7,2,405.53
3,3,4,7,3,401.55
3,3,4,7,4,400.69
3,3,4,7,7,401.89
3,3,4,7,8,442.21
3,3,4,8,1,406.52
3,3,4,8,2,430.6
3,3,4,8,3,401.59
3,3,4,8,4,432.48
3,3,4,8,8,467.3
3,3,5,1,1,407.82
3,3,5,1,2,442.44
3,3,5,1,3,406.8
3,3,5,1,4,400.84
3,3,5,1,5,407.27
3,3,5,1,6,418
3,3,5,1,7,408.62
3,3,5,1,8,449.25
3,3,5,2,2,538.85
3,3,5,2,3,459.72
3,3,5,2,4,393.66
3,3,5,2,5,420.57
3,3,5,2,6,501.65
3,3,5,2,7,405.85
3,3,5,2,8,480.52
3,3,5,3,3,412.15
3,3,5,3,4,400.86
3,3,5,3,5,415.04
3,3,5,3,6,339.36
3,3,5,3,7,410.47
3,3,5,3,8,442.19
3,3,5,4,4,400.84
3,3,5,4,5,417.86
3,3,5,4,6,411.71
3,3,5,4,7,400.55
3,3,5,4,8,442.22
3,3,5,5,1,408.25
3,3,5,5,2,490.1
3,3,5,5,3,412.3
3,3,5,5,4,400.86
3,3,5,5,5,412.13
3,3,5,5,6,427.06
3,3,5,5,7,412.59
3,3,5,5,8,580.92
3,3,5,6,1,416.73
3,3,5,6,2,465
3,3,5,6,3,410.71
3,3,5,6,4,398.51
3,3,5,6,6,408.87
3,3,5,6,7,428.76
3,3,5,6,8,580.92
3,3,5,7,1,410.6
3,3,5,7,2,454.76
3,3,5,7,3,411.75
3,3,5,7,4,400.97
3,3,5,7,7,412.64
3,3,5,7,8,580.92
3,3,5,8,1,422.07
3,3,5,8,2,465.53
3,3,5,8,3,402.79
3,3,5,8,4,432.41
3,3,5,8,8,467.01
3,3,6,1,1,391.21
3,3,6,1,2,421.58
3,3,6,1,3,401.56
3,3,6,1,4,386.76
3,3,6,1,5,413.15
3,3,6,1,6,342.14
3,3,6,1,7,417.57
3,3,6,1,8,580.92
3,3,6,2,2,417.81
3,3,6,2,3,448.96
3,3,6,2,4,384.92
3,3,6,2,5,433.65
3,3,6,2,6,516.69
3,3,6,2,7,418.82
3,3,6,2,8,482.24
3,3,6,3,3,403.04
3,3,6,3,4,401.88
3,3,6,3,5,409.72
3,3,6,3,6,329.97
3,3,6,3,7,436.64
3,3,6,3,8,458.49
3,3,6,4,4,402.96
3,3,6,4,5,417.52
3,3,6,4,6,449.85
3,3,6,4,7,406.65
3,3,6,4,8,564.55
3,3,6,6,1,414.43
3,3,6,6,2,488.53
3,3,6,6,3,403.63
3,3,6,6,4,415.75
3,3,6,6,6,490.06
3,3,6,6,7,409.76
3,3,6,6,8,407.54
3,3,6,7,1,419.64
3,3,6,7,2,501.39
3,3,6,7,3,417.98
3,3,6,7,4,398.7
3,3,6,7,7,414.01
3,3,6,7,8,472.68
3,3,6,8,1,387.74
3,3,6,8,2,462.55
3,3,6,8,3,387.8
3,3,6,8,4,469.45
3,3,6,8,8,467.64
3,3,7,1,1,408.6
3,3,7,1,2,433.28
3,3,7,1,3,407.38
3,3,7,1,4,400.72
3,3,7,1,5,406.95
3,3,7,1,6,353.64
3,3,7,1,7,412.85
3,3,7,1,8,442.22
3,3,7,2,2,420.33
3,3,7,2,3,427.32
3,3,7,2,4,398
3,3,7,2,5,421.51
3,3,7,2,6,503.81
3,3,7,2,7,418.65
3,3,7,2,8,464.28
3,3,7,3,3,409.68
3,3,7,3,4,400.88
3,3,7,3,5,408.32
3,3,7,3,6,416.2
3,3,7,3,7,411.44
3,3,7,3,8,442.2
3,3,7,4,4,402.46
3,3,7,4,5,417.82
3,3,7,4,6,456.29
3,3,7,4,7,402.04
3,3,7,4,8,442.25
3,3,7,7,1,407.65
3,3,7,7,2,462.81
3,3,7,7,3,412.38
3,3,7,7,4,402.15
3,3,7,7,7,412.67
3,3,7,7,8,580.92
3,3,7,8,1,404.72
3,3,7,8,2,468.63
3,3,7,8,3,404.61
3,3,7,8,4,432.49
3,3,7,8,8,467.08
3,3,8,1,1,406.05
3,3,8,1,2,436.59
3,3,8,1,3,401.42
3,3,8,1,4,402.53
3,3,8,1,5,404.35
3,3,8,1,6,406.61
3,3,8,1,7,405.03
3,3,8,1,8,444.01
3,3,8,2,2,471.84
3,3,8,2,3,408.04
3,3,8,2,4,421.4
3,3,8,2,5,416.03
3,3,8,2,6,424.06
3,3,8,2,7,416.61
3,3,8,2,8,449.47
3,3,8,3,3,401.4
3,3,8,3,4,400.76
3,3,8,3,5,401.65
3,3,8,3,6,412.93
3,3,8,3,7,402.29
3,3,8,3,8,442.19
3,3,8,4,4,432.46
3,3,8,4,5,449.25
3,3,8,4,6,476.18
3,3,8,4,7,442.19
3,3,8,4,8,467.38
3,3,8,8,1,414.41
3,3,8,8,2,637.74
3,3,8,8,3,412.44
3,3,8,8,4,448.1
3,3,8,8,8,480.87
3,4,4,4,4,402.94
3,4,4,4,5,417.99
3,4,4,4,6,425.49
3,4,4,4,7,401.53
3,4,4,4,8,467.32
3,4,4,5,1,416.18
3,4,4,5,2,495.32
3,4,4,5,3,417.91
3,4,4,5,4,399.32
3,4,4,5,5,417.99
3,4,4,5,6,397.32
3,4,4,5,7,401.89
3,4,4,5,8,442.23
3,4,4,6,1,438.4
3,4,4,6,2,443.7
3,4,4,6,3,407.55
3,4,4,6,4,420.6
3,4,4,6,6,508.77
3,4,4,6,7,401.28
3,4,4,6,8,780.95
3,4,4,7,1,400.84
3,4,4,7,2,408.1
3,4,4,7,3,400.68
3,4,4,7,4,400.98
3,4,4,7,7,404.96
3,4,4,7,8,442.2
3,4,4,8,1,403.96
3,4,4,8,2,463.93
3,4,4,8,3,402.97
3,4,4,8,4,471.42
3,4,4,8,8,467.32
3,4,5,1,1,417.41
3,4,5,1,2,413.02
3,4,5,1,3,417.66
3,4,5,1,4,399.17
3,4,5,1,5,401.15
3,4,5,1,6,397.47
3,4,5,1,7,400.63
3,4,5,1,8,432.49
3,4,5,2,2,429.14
3,4,5,2,3,450.8
3,4,5,2,4,391.36
3,4,5,2,5,413.62
3,4,5,2,6,424.13
3,4,5,2,7,414.31
3,4,5,2,8,435.85
3,4,5,3,3,416.33
3,4,5,3,4,399.27
3,4,5,3,5,401.61
3,4,5,3,6,403.46
3,4,5,3,7,401.54
3,4,5,3,8,442.2
3,4,5,4,4,399.31
3,4,5,4,5,399.34
3,4,5,4,6,406.03
3,4,5,4,7,399.51
3,4,5,4,8,442.22
3,4,5,5,1,407.67
3,4,5,5,2,444.63
3,4,5,5,3,417.71
3,4,5,5,4,399.31
3,4,5,5,5,417.99
3,4,5,5,6,401.09
3,4,5,5,7,404.62
3,4,5,5,8,442.21
3,4,5,6,1,400.78
3,4,5,6,2,419.96
3,4,5,6,3,401.49
3,4,5,6,4,396.38
3,4,5,6,6,402.58
3,4,5,6,7,406.74
3,4,5,6,8,578.47
3,4,5,7,1,400.71
3,4,5,7,2,422.88
3,4,5,7,3,401.09
3,4,5,7,4,399.32
3,4,5,7,7,407.95
3,4,5,7,8,580.92
3,4,5,8,1,401.36
3,4,5,8,2,438.85
3,4,5,8,3,408.73
3,4,5,8,4,433.5
3,4,5,8,8,467.3
3,4,6,1,1,440.08
3,4,6,1,2,397.89
3,4,6,1,3,419.34
3,4,6,1,4,428.61
3,4,6,1,5,410.47
3,4,6,1,6,436.59
3,4,6,1,7,403.05
3,4,6,1,8,781.99
3,4,6,2,2,459.02
3,4,6,2,3,450.73
3,4,6,2,4,465.83
3,4,6,2,5,388.3
3,4,6,2,6,487.05
3,4,6,2,7,401.05
3,4,6,2,8,770.28
3,4,6,3,3,430.59
3,4,6,3,4,404.94
3,4,6,3,5,402.3
3,4,6,3,6,401.78
3,4,6,3,7,402.93
3,4,6,3,8,578.22
3,4,6,4,4,402.35
3,4,6,4,5,383.82
3,4,6,4,6,447.28
3,4,6,4,7,400.92
3,4,6,4,8,762.06
3,4,6,6,1,463.68
3,4,6,6,2,454
3,4,6,6,3,437.14
3,4,6,6,4,440.98
3,4,6,6,6,506.89
3,4,6,6,7,400.04
3,4,6,6,8,800.87
3,4,6,7,1,398.26
3,4,6,7,2,404.39
3,4,6,7,3,404.65
3,4,6,7,4,399.71
3,4,6,7,7,400.12
3,4,6,7,8,580.92
3,4,6,8,1,519.8
3,4,6,8,2,606.99
3,4,6,8,3,514.92
3,4,6,8,4,781.79
3,4,6,8,8,609.03
3,4,7,1,1,400.77
3,4,7,1,2,406.25
3,4,7,1,3,401.3
3,4,7,1,4,399.44
3,4,7,1,5,401.45
3,4,7,1,6,394.46
3,4,7,1,7,400.14
3,4,7,1,8,449.2
3,4,7,2,2,406.35
3,4,7,2,3,407.5
3,4,7,2,4,370.37
3,4,7,2,5,408.48
3,4,7,2,6,433.02
3,4,7,2,7,334.95
3,4,7,2,8,442.2
3,4,7,3,3,401.01
3,4,7,3,4,400.65
3,4,7,3,5,400.86
3,4,7,3,6,398.94
3,4,7,3,7,403.1
3,4,7,3,8,442.2
3,4,7,4,4,400.71
3,4,7,4,5,400.63
3,4,7,4,6,403.88
3,4,7,4,7,400.73
3,4,7,4,8,442.2
3,4,7,7,1,401.74
3,4,7,7,2,415.49
3,4,7,7,3,401.59
3,4,7,7,4,399.6
3,4,7,7,7,404.89
3,4,7,7,8,442.56
3,4,7,8,1,405.2
3,4,7,8,2,481.88
3,4,7,8,3,409
3,4,7,8,4,432.57
3,4,7,8,8,467.33
3,4,8,1,1,404.23
3,4,8,1,2,420.48
3,4,8,1,3,400.17
3,4,8,1,4,403.2
3,4,8,1,5,405.95
3,4,8,1,6,440.96
3,4,8,1,7,404.11
3,4,8,1,8,444.27
3,4,8,2,2,446
3,4,8,2,3,413.26
3,4,8,2,4,444.35
3,4,8,2,5,471.33
3,4,8,2,6,528.15
3,4,8,2,7,461.99
3,4,8,2,8,448.08
3,4,8,3,3,401.46
3,4,8,3,4,401.31
3,4,8,3,5,408.78
3,4,8,3,6,571.9
3,4,8,3,7,408.07
3,4,8,3,8,442.19
3,4,8,4,4,471.42
3,4,8,4,5,432.57
3,4,8,4,6,769.9
3,4,8,4,7,442.2
3,4,8,4,8,467.31
3,4,8,8,1,467.3
3,4,8,8,2,522.19
3,4,8,8,3,411.45
3,4,8,8,4,448.09
3,4,8,8,8,493.45
3,7,1,1,1,414.74
3,7,1,1,2,460.19
3,7,1,1,3,414.86
3,7,1,1,4,400.69
3,7,1,1,5,407.11
3,7,1,1,6,417.45
3,7,1,1,7,412.18
3,7,1,1,8,449.24
3,7,1,2,2,427.55
3,7,1,2,3,451.36
3,7,1,2,4,390.76
3,7,1,2,5,420.99
3,7,1,2,6,519.43
3,7,1,2,7,407.19
3,7,1,2,8,429.02
3,7,1,3,3,414.93
3,7,1,3,4,400.83
3,7,1,3,5,408.34
3,7,1,3,6,417.08
3,7,1,3,7,407.01
3,7,1,3,8,432.51
3,7,1,4,4,400.7
3,7,1,4,5,401.62
3,7,1,4,6,403.81
3,7,1,4,7,400.08
3,7,1,4,8,449.24
3,7,1,5,1,406.01
3,7,1,5,2,463.03
3,7,1,5,3,409.13
3,7,1,5,4,400.64
3,7,1,5,5,406.64
3,7,1,5,6,428.91
3,7,1,5,7,410.09
3,7,1,5,8,439.11
3,7,1,6,1,411.26
3,7,1,6,2,454.31
3,7,1,6,3,416.55
3,7,1,6,4,398.48
3,7,1,6,6,423.37
3,7,1,6,7,413.46
3,7,1,6,8,580.92
3,7,1,7,1,412.84
3,7,1,7,2,397.73
3,7,1,7,3,407.7
3,7,1,7,4,400.67
3,7,1,7,7,407.58
3,7,1,7,8,442.95
3,7,1,8,1,400.3
3,7,1,8,2,507.46
3,7,1,8,3,401.15
3,7,1,8,4,432.41
3,7,1,8,8,464.99
3,7,2,2,2,444.33
3,7,2,2,3,433.13
3,7,2,2,4,405.71
3,7,2,2,5,420.01
3,7,2,2,6,459.52
3,7,2,2,7,421.72
3,7,2,2,8,469.75
3,7,2,3,3,505.45
3,7,2,3,4,382.72
3,7,2,3,5,420.64
3,7,2,3,6,443.14
3,7,2,3,7,406.61
3,7,2,3,8,439.24
3,7,2,4,4,394.66
3,7,2,4,5,408.95
3,7,2,4,6,413.13
3,7,2,4,7,409.52
3,7,2,4,8,448.58
3,7,2,5,1,420.6
3,7,2,5,2,449.46
3,7,2,5,3,400.67
3,7,2,5,4,396.24
3,7,2,5,5,423.63
3,7,2,5,6,388.22
3,7,2,5,7,423.16
3,7,2,5,8,433.11
3,7,2,6,1,541.96
3,7,2,6,2,451.97
3,7,2,6,3,500.66
3,7,2,6,4,309.25
3,7,2,6,6,500.67
3,7,2,6,7,362.47
3,7,2,6,8,756.45
3,7,2,7,1,422.09
3,7,2,7,2,430.22
3,7,2,7,3,417.8
3,7,2,7,4,399.6
3,7,2,7,7,417.34
3,7,2,7,8,580.92
3,7,2,8,1,408.76
3,7,2,8,2,563.04
3,7,2,8,3,413.89
3,7,2,8,4,438.74
3,7,2,8,8,484.05
3,7,3,3,3,415.12
3,7,3,3,4,401.71
3,7,3,3,5,407.29
3,7,3,3,6,422.21
3,7,3,3,7,411.62
3,7,3,3,8,442.19
3,7,3,4,4,402.95
3,7,3,4,5,417.66
3,7,3,4,6,447.13
3,7,3,4,7,401.4
3,7,3,4,8,442.2
3,7,3,5,1,408.56
3,7,3,5,2,445.8
3,7,3,5,3,410.36
3,7,3,5,4,400.62
3,7,3,5,5,412.13
3,7,3,5,6,429.63
3,7,3,5,7,407.57
3,7,3,5,8,442.21
3,7,3,6,1,412.21
3,7,3,6,2,393.01
3,7,3,6,3,414.56
3,7,3,6,4,401.4
3,7,3,6,6,401.7
3,7,3,6,7,414.56
3,7,3,6,8,580.92
3,7,3,7,1,406.88
3,7,3,7,2,457.44
3,7,3,7,3,413.39
3,7,3,7,4,401.08
3,7,3,7,7,410.72
3,7,3,7,8,442.17
3,7,3,8,1,402.53
3,7,3,8,2,475.45
3,7,3,8,3,400.88
3,7,3,8,4,432.5
3,7,3,8,8,467.37
3,7,4,4,4,402.95
3,7,4,4,5,417.99
3,7,4,4,6,455.6
3,7,4,4,7,401.58
3,7,4,4,8,442.2
3,7,4,5,1,417.66
3,7,4,5,2,406.11
3,7,4,5,3,402.88
3,7,4,5,4,399.36
3,7,4,5,5,417.99
3,7,4,5,6,396.15
3,7,4,5,7,404.03
3,7,4,5,8,442.29
3,7,4,6,1,405.3
3,7,4,6,2,396.71
3,7,4,6,3,467.1
3,7,4,6,4,414.09
3,7,4,6,6,480.85
3,7,4,6,7,413.13
3,7,4,6,8,580.92
3,7,4,7,1,400.1
3,7,4,7,2,412.22
3,7,4,7,3,402.65
3,7,4,7,4,400.64
3,7,4,7,7,403.94
3,7,4,7,8,489.25
3,7,4,8,1,404.3
3,7,4,8,2,494.58
3,7,4,8,3,403.59
3,7,4,8,4,434.38
3,7,4,8,8,467.3
3,7,7,1,1,414.93
3,7,7,1,2,441.1
3,7,7,1,3,414.82
3,7,7,1,4,400.7
3,7,7,1,5,416.12
3,7,7,1,6,425.42
3,7,7,1,7,410.6
3,7,7,1,8,458.09
3,7,7,2,2,483.21
3,7,7,2,3,430.2
3,7,7,2,4,405.12
3,7,7,2,5,425.22
3,7,7,2,6,473.93
3,7,7,2,7,420.44
3,7,7,2,8,468.45
3,7,7,3,3,415.08
3,7,7,3,4,401.28
3,7,7,3,5,411.79
3,7,7,3,6,415.18
3,7,7,3,7,408.35
3,7,7,3,8,442.23
3,7,7,4,4,402.93
3,7,7,4,5,402.94
3,7,7,4,6,456.48
3,7,7,4,7,402.96
3,7,7,4,8,580.92
3,7,7,7,1,422.07
3,7,7,7,2,455.85
3,7,7,7,3,415.08
3,7,7,7,4,402.94
3,7,7,7,7,415.08
3,7,7,7,8,443.15
3,7,7,8,1,405.7
3,7,7,8,2,499.37
3,7,7,8,3,402.99
3,7,7,8,4,471.59
3,7,7,8,8,467.37
3,7,8,1,1,403.7
3,7,8,1,2,465.57
3,7,8,1,3,400.64
3,7,8,1,4,402.53
3,7,8,1,5,404.7
3,7,8,1,6,413.8
3,7,8,1,7,403.67
3,7,8,1,8,444
3,7,8,2,2,474.32
3,7,8,2,3,431.81
3,7,8,2,4,490.68
3,7,8,2,5,416.35
3,7,8,2,6,431.9
3,7,8,2,7,422.49
3,7,8,2,8,443.21
3,7,8,3,3,402.96
3,7,8,3,4,400.76
3,7,8,3,5,405.86
3,7,8,3,6,412.6
3,7,8,3,7,408.13
3,7,8,3,8,442.2
3,7,8,4,4,432.55
3,7,8,4,5,433.14
3,7,8,4,6,752.06
3,7,8,4,7,456.05
3,7,8,4,8,467.38
3,7,8,8,1,420.28
3,7,8,8,2,523.09
3,7,8,8,3,411.19
3,7,8,8,4,448.06
3,7,8,8,8,480.87
3,8,1,1,1,401.77
3,8,1,1,2,412.45
3,8,1,1,3,399.92
3,8,1,1,4,402.52
3,8,1,1,5,403.97
3,8,1,1,6,404.64
3,8,1,1,7,403.24
3,8,1,1,8,443.97
3,8,1,2,2,409.24
3,8,1,2,3,410.36
3,8,1,2,4,469.54
3,8,1,2,5,412.69
3,8,1,2,6,437.05
3,8,1,2,7,418.58
3,8,1,2,8,436.8
3,8,1,3,3,399.84
3,8,1,3,4,400.55
3,8,1,3,5,400.39
3,8,1,3,6,407.31
3,8,1,3,7,400.76
3,8,1,3,8,432.49
3,8,1,4,4,402.54
3,8,1,4,5,402.76
3,8,1,4,6,397.93
3,8,1,4,7,402.22
3,8,1,4,8,444.02
3,8,1,5,1,402.52
3,8,1,5,2,421.47
3,8,1,5,3,400.61
3,8,1,5,4,402.39
3,8,1,5,5,406.63
3,8,1,5,6,407.4
3,8,1,5,7,403.51
3,8,1,5,8,449.23
3,8,1,6,1,406.04
3,8,1,6,2,394.41
3,8,1,6,3,412.01
3,8,1,6,4,396.95
3,8,1,6,6,406.59
3,8,1,6,7,404.96
3,8,1,6,8,580.92
3,8,1,7,1,401.2
3,8,1,7,2,405.47
3,8,1,7,3,401.9
3,8,1,7,4,399.57
3,8,1,7,7,404.48
3,8,1,7,8,442.24
3,8,1,8,1,414.04
3,8,1,8,2,451.08
3,8,1,8,3,408.56
3,8,1,8,4,432.41
3,8,1,8,8,471.93
3,8,2,2,2,436.91
3,8,2,2,3,439.73
3,8,2,2,4,486.07
3,8,2,2,5,412.5
3,8,2,2,6,418.78
3,8,2,2,7,420.78
3,8,2,2,8,448.1
3,8,2,3,3,375
3,8,2,3,4,400.97
3,8,2,3,5,406.16
3,8,2,3,6,399.44
3,8,2,3,7,413.09
3,8,2,3,8,462.5
3,8,2,4,4,441.25
3,8,2,4,5,413.45
3,8,2,4,6,345.65
3,8,2,4,7,414.17
3,8,2,4,8,448.85
3,8,2,5,1,414.86
3,8,2,5,2,422.07
3,8,2,5,3,414.16
3,8,2,5,4,400.84
3,8,2,5,5,419.97
3,8,2,5,6,420.98
3,8,2,5,7,415.05
3,8,2,5,8,580.92
3,8,2,6,1,401.07
3,8,2,6,2,478.63
3,8,2,6,3,422.27
3,8,2,6,4,416.6
3,8,2,6,6,447.89
3,8,2,6,7,404.82
3,8,2,6,8,903.39
3,8,2,7,1,412.52
3,8,2,7,2,392.68
3,8,2,7,3,416.7
3,8,2,7,4,402.17
3,8,2,7,7,408.07
3,8,2,7,8,691.59
3,8,2,8,1,491.72
3,8,2,8,2,667.77
3,8,2,8,3,441.04
3,8,2,8,4,448.18
3,8,2,8,8,513.38
3,8,3,3,3,401.34
3,8,3,3,4,400.75
3,8,3,3,5,403.04
3,8,3,3,6,397.7
3,8,3,3,7,401.64
3,8,3,3,8,442.19
3,8,3,4,4,400.76
3,8,3,4,5,400.87
3,8,3,4,6,398.68
3,8,3,4,7,400.77
3,8,3,4,8,442.2
3,8,3,5,1,402.13
3,8,3,5,2,410.81
3,8,3,5,3,400.64
3,8,3,5,4,399.27
3,8,3,5,5,402.7
3,8,3,5,6,403.16
3,8,3,5,7,405.71
3,8,3,5,8,442.19
3,8,3,6,1,386.79
3,8,3,6,2,423.61
3,8,3,6,3,393.55
3,8,3,6,4,398.03
3,8,3,6,6,398.47
3,8,3,6,7,405.33
3,8,3,6,8,438.93
3,8,3,7,1,400.86
3,8,3,7,2,399.05
3,8,3,7,3,403.16
3,8,3,7,4,400.34
3,8,3,7,7,403.74
3,8,3,7,8,442.19
3,8,3,8,1,401.56
3,8,3,8,2,476.58
3,8,3,8,3,408.91
3,8,3,8,4,432.45
3,8,3,8,8,467.37
3,8,4,4,4,471.59
3,8,4,4,5,449.24
3,8,4,4,6,580.92
3,8,4,4,7,442.19
3,8,4,4,8,467.38
3,8,4,5,1,428.33
3,8,4,5,2,505.8
3,8,4,5,3,401.22
3,8,4,5,4,432.41
3,8,4,5,5,449.3
3,8,4,5,6,580.92
3,8,4,5,7,442.21
3,8,4,5,8,468.03
3,8,4,6,1,411.59
3,8,4,6,2,509.94
3,8,4,6,3,406.46
3,8,4,6,4,471.6
3,8,4,6,6,537.66
3,8,4,6,7,580.92
3,8,4,6,8,461.14
3,8,4,7,1,402.6
3,8,4,7,2,479.88
3,8,4,7,3,401.03
3,8,4,7,4,432.45
3,8,4,7,7,433.15
3,8,4,7,8,466.49
3,8,4,8,1,467.38
3,8,4,8,2,565.21
3,8,4,8,3,411.11
3,8,4,8,4,448.08
3,8,4,8,8,493.45
3,8,8,1,1,467.37
3,8,8,1,2,388.48
3,8,8,1,3,409.29
3,8,8,1,4,448.12
3,8,8,1,5,419.9
3,8,8,1,6,408.13
3,8,8,1,7,416.8
3,8,8,1,8,444.49
3,8,8,2,2,558.33
3,8,8,2,3,432.95
3,8,8,2,4,425.24
3,8,8,2,5,420.61
3,8,8,2,6,546.19
3,8,8,2,7,432.96
3,8,8,2,8,676.59
3,8,8,3,3,410.92
3,8,8,3,4,402.94
3,8,8,3,5,411.25
3,8,8,3,6,427.16
3,8,8,3,7,411.16
3,8,8,3,8,442.2
3,8,8,4,4,448.06
3,8,8,4,5,449.24
3,8,8,4,6,840.02
3,8,8,4,7,442.2
3,8,8,4,8,480.87
3,8,8,8,1,480.87
3,8,8,8,2,912.05
3,8,8,8,3,410.15
3,8,8,8,4,473.7
3,8,8,8,8,497.59
4,4,4,4,4,474.53
4,4,4,4,5,580.92
4,4,4,4,6,480.14
4,4,4,4,7,442.19
4,4,4,4,8,609.03
4,4,4,5,1,420.32
4,4,4,5,2,494
4,4,4,5,3,413.8
4,4,4,5,4,471.59
4,4,4,5,5,449.24
4,4,4,5,6,580.92
4,4,4,5,7,442.2
4,4,4,5,8,541.32
4,4,4,6,1,422.77
4,4,4,6,2,481.06
4,4,4,6,3,419.93
4,4,4,6,4,469.32
4,4,4,6,6,599.8
4,4,4,6,7,580.92
4,4,4,6,8,525.76
4,4,4,7,1,403.66
4,4,4,7,2,492.44
4,4,4,7,3,401.5
4,4,4,7,4,432.45
4,4,4,7,7,442.19
4,4,4,7,8,467.37
4,4,4,8,1,432.25
4,4,4,8,2,615.12
4,4,4,8,3,416.49
4,4,4,8,4,473.92
4,4,4,8,8,5.8094e+05
4,4,5,1,1,420.21
4,4,5,1,2,480.91
4,4,5,1,3,404.02
4,4,5,1,4,403.57
4,4,5,1,5,420.32
4,4,5,1,6,414.25
4,4,5,1,7,403.28
4,4,5,1,8,473.87
4,4,5,2,2,502.5
4,4,5,2,3,477.36
4,4,5,2,4,484.88
4,4,5,2,5,415.81
4,4,5,2,6,425
4,4,5,2,7,417.04
4,4,5,2,8,461.37
4,4,5,3,3,415.36
4,4,5,3,4,400.29
4,4,5,3,5,408.3
4,4,5,3,6,413.1
4,4,5,3,7,401.91
4,4,5,3,8,446.59
4,4,5,4,4,432.4
4,4,5,4,5,449.24
4,4,5,4,6,580.6
4,4,5,4,7,432.59
4,4,5,4,8,492.05
4,4,5,5,1,420.32
4,4,5,5,2,517.66
4,4,5,5,3,406.1
4,4,5,5,4,432.4
4,4,5,5,5,458.08
4,4,5,5,6,580.92
4,4,5,5,7,442.33
4,4,5,5,8,472.69
4,4,5,6,1,418.47
4,4,5,6,2,542.82
4,4,5,6,3,412.9
4,4,5,6,4,471.59
4,4,5,6,6,449.8
4,4,5,6,7,580.92
4,4,5,6,8,468.53
4,4,5,7,1,405.87
4,4,5,7,2,447.25
4,4,5,7,3,402.94
4,4,5,7,4,432.41
4,4,5,7,7,580.92
4,4,5,7,8,467.01
4,4,5,8,1,410.36
4,4,5,8,2,657.08
4,4,5,8,3,413.31
4,4,5,8,4,850.82
4,4,5,8,8,493.48
4,4,6,1,1,455.79
4,4,6,1,2,458.39
4,4,6,1,3,423.8
4,4,6,1,4,416.68
4,4,6,1,5,404.33
4,4,6,1,6,458.91
4,4,6,1,7,403.67
4,4,6,1,8,580.92
4,4,6,2,2,1315.4
4,4,6,2,3,436.61
4,4,6,2,4,489.4
4,4,6,2,5,419.95
4,4,6,2,6,1341.5
4,4,6,2,7,414.37
4,4,6,2,8,1446.4
4,4,6,3,3,449.05
4,4,6,3,4,441.91
4,4,6,3,5,411.44
4,4,6,3,6,478.55
4,4,6,3,7,412.52
4,4,6,3,8,513.34
4,4,6,4,4,461.82
4,4,6,4,5,580.92
4,4,6,4,6,1072.3
4,4,6,4,7,455.59
4,4,6,4,8,599.13
4,4,6,6,1,413.05
4,4,6,6,2,587.42
4,4,6,6,3,427.4
4,4,6,6,4,516.27
4,4,6,6,6,610.31
4,4,6,6,7,447.71
4,4,6,6,8,1085.6
4,4,6,7,1,378.49
4,4,6,7,2,443.02
4,4,6,7,3,382.7
4,4,6,7,4,436.9
4,4,6,7,7,580.92
4,4,6,7,8,466.19
4,4,6,8,1,524.59
4,4,6,8,2,1.0287e+05
4,4,6,8,3,520.74
4,4,6,8,4,494.1
4,4,6,8,8,2.8282e+05
4,4,7,1,1,403.6
4,4,7,1,2,430.14
4,4,7,1,3,399.74
4,4,7,1,4,402.52
4,4,7,1,5,404.08
4,4,7,1,6,400.88
4,4,7,1,7,403.25
4,4,7,1,8,443.96
4,4,7,2,2,455.68
4,4,7,2,3,408.59
4,4,7,2,4,479.71
4,4,7,2,5,415.03
4,4,7,2,6,372.52
4,4,7,2,7,419.22
4,4,7,2,8,447.72
4,4,7,3,3,401.55
4,4,7,3,4,400.75
4,4,7,3,5,403
4,4,7,3,6,412.28
4,4,7,3,7,402.94
4,4,7,3,8,442.2
4,4,7,4,4,474.53
4,4,7,4,5,449.25
4,4,7,4,6,752.39
4,4,7,4,7,442.19
4,4,7,4,8,467.38
4,4,7,7,1,404.46
4,4,7,7,2,435.72
4,4,7,7,3,404.09
4,4,7,7,4,432.71
4,4,7,7,7,580.92
4,4,7,7,8,467.37
4,4,7,8,1,417.52
4,4,7,8,2,629.61
4,4,7,8,3,411.13
4,4,7,8,4,448.15
4,4,7,8,8,480.87
4,4,8,1,1,432.25
4,4,8,1,2,581.1
4,4,8,1,3,416.19
4,4,8,1,4,401.64
4,4,8,1,5,411.15
4,4,8,1,6,587.2
4,4,8,1,7,418.89
4,4,8,1,8,474.62
4,4,8,2,2,615.1
4,4,8,2,3,454.31
4,4,8,2,4,479.04
4,4,8,2,5,484.42
4,4,8,2,6,5803.9
4,4,8,2,7,488.2
4,4,8,2,8,2.7985e+05
4,4,8,3,3,415.08
4,4,8,3,4,404.02
4,4,8,3,5,410.83
4,4,8,3,6,478.56
4,4,8,3,7,410.98
4,4,8,3,8,523.59
4,4,8,4,4,473.87
4,4,8,4,5,449.24
4,4,8,4,6,500.85
4,4,8,4,7,442.19
4,4,8,4,8,5.737e+05
4,4,8,8,1,413.73
4,4,8,8,2,2.7634e+05
4,4,8,8,3,413.65
4,4,8,8,4,2.9042e+05
4,4,8,8,8,1.904e+06
4,8,1,1,1,432.25
4,8,1,1,2,599.01
4,8,1,1,3,414.95
4,8,1,1,4,401.64
4,8,1,1,5,422.66
4,8,1,1,6,453.89
4,8,1,1,7,420.17
4,8,1,1,8,444.27
4,8,1,2,2,584.12
4,8,1,2,3,585.97
4,8,1,2,4,410.37
4,8,1,2,5,412.92
4,8,1,2,6,497.59
4,8,1,2,7,416.99
4,8,1,2,8,473.29
4,8,1,3,3,414.87
4,8,1,3,4,400.63
4,8,1,3,5,408.96
4,8,1,3,6,468.48
4,8,1,3,7,409.06
4,8,1,3,8,432.41
4,8,1,4,4,401.64
4,8,1,4,5,420.38
4,8,1,4,6,510.72
4,8,1,4,7,403.3
4,8,1,4,8,473.88
4,8,1,5,1,410.36
4,8,1,5,2,420.88
4,8,1,5,3,408.85
4,8,1,5,4,402.92
4,8,1,5,5,425.28
4,8,1,5,6,406.69
4,8,1,5,7,417.9
4,8,1,5,8,444.6
4,8,1,6,1,527.77
4,8,1,6,2,484.46
4,8,1,6,3,507.38
4,8,1,6,4,501.35
4,8,1,6,6,556.11
4,8,1,6,7,412.57
4,8,1,6,8,776.78
4,8,1,7,1,410.31
4,8,1,7,2,505.09
4,8,1,7,3,409.24
4,8,1,7,4,401.61
4,8,1,7,7,420.18
4,8,1,7,8,444.27
4,8,1,8,1,424.7
4,8,1,8,2,479.45
4,8,1,8,3,410
4,8,1,8,4,474.53
4,8,1,8,8,489.91
4,8,2,2,2,601.91
4,8,2,2,3,471.74
4,8,2,2,4,473.7
4,8,2,2,5,418.85
4,8,2,2,6,781.56
4,8,2,2,7,432.33
4,8,2,2,8,2.7896e+05
4,8,2,3,3,415
4,8,2,3,4,399.14
4,8,2,3,5,423.2
4,8,2,3,6,494.94
4,8,2,3,7,398.03
4,8,2,3,8,484.19
4,8,2,4,4,478.58
4,8,2,4,5,448.21
4,8,2,4,6,475.89
4,8,2,4,7,430.68
4,8,2,4,8,2.7394e+05
4,8,2,5,1,413.47
4,8,2,5,2,432.37
4,8,2,5,3,425.38
4,8,2,5,4,445.69
4,8,2,5,5,416.43
4,8,2,5,6,468.46
4,8,2,5,7,420.32
4,8,2,5,8,872.1
4,8,2,6,1,527.76
4,8,2,6,2,1479.7
4,8,2,6,3,628.56
4,8,2,6,4,501.34
4,8,2,6,6,842.43
4,8,2,6,7,360.23
4,8,2,6,8,2.4926e+05
4,8,2,7,1,415.84
4,8,2,7,2,396.42
4,8,2,7,3,386.19
4,8,2,7,4,457.97
4,8,2,7,7,418.99
4,8,2,7,8,429.66
4,8,2,8,1,433.25
4,8,2,8,2,2.6434e+05
4,8,2,8,3,416.33
4,8,2,8,4,2.7986e+05
4,8,2,8,8,4.3715e+05
4,8,3,3,3,415.08
4,8,3,3,4,402.94
4,8,3,3,5,410.83
4,8,3,3,6,438.18
4,8,3,3,7,411.11
4,8,3,3,8,442.19
4,8,3,4,4,402.94
4,8,3,4,5,418.01
4,8,3,4,6,403
4,8,3,4,7,403.05
4,8,3,4,8,523.79
4,8,3,5,1,408.01
4,8,3,5,2,413.26
4,8,3,5,3,413.17
4,8,3,5,4,399.43
4,8,3,5,5,411.33
4,8,3,5,6,413.74
4,8,3,5,7,410.86
4,8,3,5,8,442.2
4,8,3,6,1,499.06
4,8,3,6,2,499.5
4,8,3,6,3,561.75
4,8,3,6,4,493.88
4,8,3,6,6,690.26
4,8,3,6,7,412.05
4,8,3,6,8,772.59
4,8,3,7,1,409.55
4,8,3,7,2,419.62
4,8,3,7,3,412.38
4,8,3,7,4,402.93
4,8,3,7,7,411.17
4,8,3,7,8,442.2
4,8,3,8,1,404.94
4,8,3,8,2,494.47
4,8,3,8,3,411.09
4,8,3,8,4,471.59
4,8,3,8,8,467.37
4,8,4,4,4,473.87
4,8,4,4,5,473.87
4,8,4,4,6,489.92
4,8,4,4,7,442.19
4,8,4,4,8,5.7367e+05
4,8,4,5,1,415.85
4,8,4,5,2,489.9
4,8,4,5,3,402.98
4,8,4,5,4,432.41
4,8,4,5,5,449.24
4,8,4,5,6,580.92
4,8,4,5,7,442.21
4,8,4,5,8,489.96
4,8,4,6,1,457.06
4,8,4,6,2,481.71
4,8,4,6,3,424.62
4,8,4,6,4,545.98
4,8,4,6,6,6052.7
4,8,4,6,7,580.92
4,8,4,6,8,2.42e+05
4,8,4,7,1,401.76
4,8,4,7,2,503.45
4,8,4,7,3,401.48
4,8,4,7,4,432.46
4,8,4,7,7,442.19
4,8,4,7,8,467.38
4,8,4,8,1,413.74
4,8,4,8,2,2.7427e+05
4,8,4,8,3,411.14
4,8,4,8,4,2.8317e+05
4,8,4,8,8,5.7238e+05
4,8,8,1,1,413.73
4,8,8,1,2,413.76
4,8,8,1,3,409.65
4,8,8,1,4,401.64
4,8,8,1,5,411.98
4,8,8,1,6,548.82
4,8,8,1,7,419.26
4,8,8,1,8,7861.9
4,8,8,2,2,2.7528e+05
4,8,8,2,3,366.44
4,8,8,2,4,475.84
4,8,8,2,5,478.15
4,8,8,2,6,2.6146e+05
4,8,8,2,7,555.99
4,8,8,2,8,2.8317e+05
4,8,8,3,3,411.09
4,8,8,3,4,402.94
4,8,8,3,5,412.14
4,8,8,3,6,500.87
4,8,8,3,7,411.47
4,8,8,3,8,504.77
4,8,8,4,4,2.9041e+05
4,8,8,4,5,473.87
4,8,8,4,6,2.5246e+05
4,8,8,4,7,442.2
4,8,8,4,8,2.0357e+06
4,8,8,8,1,16898
4,8,8,8,2,7.2872e+05
4,8,8,8,3,9799.3
4,8,8,8,4,2.8235e+05
4,8,8,8,8,NaN
