116,39,137,87,21,123,143,3,27,24,120,177,184,7,31,78,61,62,18,8,124,181,106,4,133,38,47,178,162,159,171,79,192,36,0,90,48,25,56,58,199,128,122,139,50,76,96,161,198,170,117,197,70,196,67,60,168,29,84,129,150,49,40,111,97,82,183,140,190,108,52,152,91,132,57,69,12,110,189,35
141,4,190,0,178,157,54,159,138,137,96,77,50,64,41,23,55,67,10,92,103,94,18,179,168,29,65,120,59,146,127,143,167,125,78,186,100,105,136,169,99,126,101,57,155,49,58,51,194,13,71,192,7,164,76,151,2,83,17,153,89,197,38,69,116,53,176,6,12,8,118,182,152,173,108,189,111,140,87,86
183,199,154,8,2,18,169,4,151,138,79,123,129,43,184,101,116,13,186,11,144,187,136,81,56,163,92,185,105,134,119,131,194,82,77,73,117,16,112,91,58,181,44,137,98,52,84,159,147,61,139,37,93,15,189,195,31,66,53,47,33,70,148,12,191,192,146,166,59,126,135,41,160,63,39,182,193,85,34,99
105,74,90,20,147,158,136,194,175,93,58,19,145,171,87,53,98,193,96,112,152,167,155,102,137,49,191,107,103,71,131,113,21,54,140,32,135,68,52,35,14,46,11,77,3,119,15,84,4,159,25,0,29,179,94,144,10,190,160,185,61,133,161,149,70,76,186,65,36,187,164,9,99,30,173,39,79,130,139,172
134,130,36,97,116,68,181,193,78,84,88,7,72,22,187,74,51,29,175,49,166,40,121,174,158,90,165,196,46,139,56,77,125,50,177,100,17,198,101,143,162,81,38,178,103,28,199,14,144,141,170,124,164,154,60,131,167,190,39,110,163,87,150,161,79,188,71,33,184,64,183,41,73,98,53,93,151,30,2,86
50,139,107,99,12,195,119,4,187,104,179,122,184,164,127,39,111,170,102,60,53,28,51,45,95,125,0,160,63,176,68,138,35,146,5,100,115,22,98,34,116,52,178,128,42,177,41,79,168,97,169,15,82,113,106,105,67,70,158,173,46,132,31,135,58,133,1,196,49,188,64,199,180,72,151,166,27,190,182,56
89,115,26,176,157,2,199,72,53,76,43,136,18,125,139,10,148,189,121,104,93,28,61,32,138,51,78,163,103,174,137,60,154,46,124,31,133,33,80,63,194,164,132,87,182,23,94,155,168,188,8,178,181,11,156,5,6,34,170,73,9,113,39,183,52,151,3,179,62,107,57,4,195,92,193,88,66,41,175,130
125,44,195,127,178,71,7,153,78,33,160,30,191,52,69,113,79,68,98,76,146,53,134,116,61,99,24,129,28,100,109,106,175,9,91,39,84,73,3,114,82,5,169,20,46,167,10,139,83,155,130,47,86,140,42,25,164,81,22,181,70,120,183,154,197,199,94,168,115,63,15,110,35,1,126,38,196,64,151,193
109,91,103,93,66,57,63,147,25,153,122,171,145,163,168,125,45,68,79,162,102,34,99,86,155,156,3,64,138,130,142,144,92,67,7,48,167,188,192,146,199,112,178,31,126,14,44,120,186,26,164,80,78,128,140,11,71,76,114,157,35,74,40,41,176,184,121,135,29,52,193,124,42,170,75,4,107,12,73,88
121,14,39,50,132,27,114,5,120,115,164,45,75,98,128,96,194,102,136,104,41,86,79,32,134,157,6,83,147,154,93,106,3,151,30,84,18,165,195,189,107,186,34,69,78,19,53,0,105,97,15,58,71,169,22,158,51,70,139,196,87,130,143,56,193,103,111,122,191,159,2,188,108,113,29,25,160,92,150,76
53,18,46,91,131,191,150,151,180,52,38,166,34,75,130,25,178,147,17,136,154,41,74,48,196,139,77,10,9,15,160,8,161,118,167,189,94,144,101,67,51,13,157,105,117,44,98,37,175,106,1,125,33,187,172,87,95,127,92,49,78,159,115,116,93,188,89,193,123,183,55,69,164,143,138,181,146,113,26,194
111,101,105,118,129,19,160,110,60,164,52,69,139,184,92,91,108,97,149,144,171,113,157,84,141,38,183,126,124,152,166,189,79,161,86,15,116,50,145,185,12,95,18,194,75,167,65,195,123,17,182,127,32,147,41,169,191,72,89,67,140,197,25,100,133,175,61,40,22,188,46,181,3,26,2,39,1,142,36,199
109,151,49,78,58,167,36,44,136,81,57,33,64,28,80,132,75,18,63,65,113,183,15,188,105,27,123,163,185,40,91,100,92,0,107,66,198,156,159,88,5,153,112,70,150,73,82,31,170,89,139,23,71,175,25,135,12,102,155,90,166,197,53,189,4,67,94,87,160,83,145,186,7,140,97,192,177,79,72,179
154,186,187,115,133,58,184,51,135,46,79,163,188,82,178,110,185,95,52,50,18,55,138,193,152,19,150,174,156,129,41,43,131,121,42,88,140,194,96,97,199,196,2,59,34,47,31,146,147,170,132,192,13,73,65,67,98,151,158,137,144,173,66,44,75,61,107,64,84,72,49,63,142,148,80,183,87,198,101,171
199,39,2,66,198,19,139,32,164,58,148,104,159,10,46,142,24,88,175,115,42,103,197,160,161,110,196,35,141,78,163,187,127,33,29,6,153,123,49,178,107,185,95,64,52,36,26,70,99,7,93,3,61,34,51,43,149,119,108,133,45,38,157,9,144,27,194,69,21,63,82,125,109,147,92,102,60,170,53,121
186,11,102,122,123,100,92,113,143,80,86,25,18,5,43,33,64,101,183,179,85,51,116,68,112,195,10,107,177,150,62,174,189,0,52,165,110,67,144,185,20,180,90,74,94,69,31,75,118,172,38,61,1,28,153,2,59,63,178,42,109,77,159,197,46,66,99,65,145,193,76,162,125,175,119,24,105,160,149,111
130,158,32,33,197,56,92,166,94,72,174,185,192,119,110,22,123,109,138,191,171,67,36,16,96,80,57,127,75,145,147,179,128,184,135,60,159,6,38,86,146,106,100,141,41,104,12,167,3,90,39,89,61,47,0,97,175,136,45,74,148,46,183,17,186,195,34,8,40,70,73,107,15,48,176,103,172,181,193,196
163,169,181,95,4,79,112,11,184,9,34,130,176,2,60,138,94,70,194,77,18,44,173,38,159,110,66,50,99,167,49,107,25,192,22,83,15,134,166,155,142,51,12,114,40,170,36,180,113,65,133,75,117,154,24,174,48,97,182,30,105,145,20,116,146,147,90,137,86,102,41,140,185,152,98,193,179,19,196,157
147,182,151,115,82,46,59,156,125,127,21,168,1,113,10,92,40,33,96,109,101,194,178,128,118,129,100,17,56,122,108,23,195,179,126,37,73,154,72,94,144,131,174,148,8,116,132,84,55,16,35,41,24,199,83,31,110,119,102,170,185,3,68,180,107,38,67,111,14,7,152,78,166,90,160,117,173,183,63,191
191,5,29,52,82,137,189,3,68,12,167,20,155,16,27,129,36,71,62,197,118,171,154,49,178,166,161,174,79,41,107,109,190,163,165,150,4,35,144,153,103,92,160,2,134,97,93,6,42,13,102,39,104,111,99,46,182,158,127,63,148,85,80,18,124,81,74,115,114,195,181,138,87,48,175,44,31,84,0,170
123,40,177,135,168,100,180,39,68,167,62,198,192,81,55,140,3,89,22,159,137,151,154,116,139,10,188,94,190,50,92,112,160,189,29,21,46,165,150,51,196,107,115,145,124,20,138,106,32,132,105,122,91,178,194,66,75,128,47,111,77,5,42,186,59,84,118,83,86,193,58,0,16,82,44,27,90,146,36,171
177,120,103,35,91,11,121,33,98,192,10,184,102,57,4,40,104,170,59,27,151,9,176,66,3,31,63,39,62,154,183,106,50,126,92,95,149,1,29,148,196,139,6,152,142,180,197,122,113,76,188,117,85,54,49,186,125,22,78,2,83,82,160,146,101,45,172,100,65,93,26,128,51,14,171,155,20,161,68,178
83,61,74,38,15,43,168,56,75,123,31,108,104,140,51,89,17,62,59,197,115,171,8,102,163,153,141,28,175,0,97,144,190,157,110,109,199,151,82,69,13,176,7,139,64,96,169,196,55,49,156,71,120,160,172,33,170,66,30,180,40,136,80,124,41,128,88,6,65,98,25,145,45,101,134,178,122,193,189,94
79,43,152,166,107,82,102,126,14,76,66,87,113,54,199,84,48,140,112,34,124,26,12,95,72,78,2,61,7,36,21,186,108,183,128,159,35,53,22,49,3,89,19,18,73,104,25,111,139,15,110,129,131,70,39,181,160,115,164,182,123,64,147,118,11,184,42,169,75,47,196,33,31,37,130,27,85,171,81,119
34,66,44,136,27,126,105,32,92,110,98,128,115,155,146,160,175,61,168,76,95,20,141,51,156,1,197,112,17,46,53,150,130,164,163,185,118,193,169,94,100,35,62,101,22,55,14,29,147,151,23,186,68,172,124,11,125,194,0,40,41,181,9,49,33,15,8,36,165,75,114,133,56,129,140,167,59,31,91,84
31,15,56,118,26,131,192,116,22,41,153,72,127,46,61,177,176,10,16,49,169,50,58,67,42,12,123,54,170,87,9,163,7,4,180,55,182,97,23,162,196,161,156,86,59,155,165,164,36,14,74,62,91,137,111,33,64,48,27,183,90,94,147,110,193,2,73,119,184,45,92,81,71,138,88,75,79,53,191,112
24,80,134,68,109,192,104,12,73,114,56,26,116,152,3,151,130,47,121,39,17,164,189,142,42,171,77,181,113,107,75,198,28,85,59,190,92,49,31,62,36,0,191,196,94,69,2,70,64,118,55,155,141,167,63,48,154,140,87,65,148,30,101,180,120,37,45,108,53,66,95,176,138,43,13,163,166,20,99,129
40,96,52,100,138,22,177,182,189,35,183,186,30,0,24,74,136,61,185,39,126,127,198,91,172,8,92,65,6,112,62,70,25,36,21,144,18,42,152,153,44,122,165,38,164,128,133,181,31,115,95,82,98,71,73,72,10,66,121,37,78,197,27,124,94,50,160,57,93,75,56,85,141,113,5,154,117,77,32,81
50,121,70,181,177,71,198,5,90,8,191,59,190,81,163,97,107,49,167,192,52,193,143,128,86,129,93,56,118,11,77,41,176,173,186,96,74,65,54,180,100,171,183,158,184,156,152,117,196,68,162,45,179,194,178,122,197,164,99,28,88,84,76,95,126,104,114,32,159,189,85,131,92,46,62,72,103,0,155,174
194,135,175,50,141,38,58,158,32,78,84,88,177,115,107,16,139,121,26,151,148,179,111,195,114,69,55,21,199,79,153,27,56,162,166,137,112,187,4,83,35,132,172,54,63,97,14,156,152,163,64,127,91,119,188,19,72,59,37,36,116,118,168,10,25,11,13,51,46,100,136,138,34,43,150,147,149,157,101,131
